symbol,fundingRate,markPrice,fundingDateTime,formattedFundingDateTime
MLNUSDT,-0.00863594,14.35,2025-03-31 12:00:00.000,2025-03-31 12:00:00
MLNUSDT,-0.00471895,13.63941235,2025-03-31 16:00:00.000,2025-03-31 16:00:00
MLNUSDT,-0.00263869,13.10829022,2025-03-31 20:00:00.000,2025-03-31 20:00:00
MLNUSDT,5e-05,13.04490869,2025-04-01 00:00:00.000,2025-04-01 00:00:00
MLNUSDT,-0.00521843,12.67,2025-04-01 04:00:00.001,2025-04-01 04:00:00
MLNUSDT,-0.00159243,12.69376089,2025-04-01 08:00:00.001,2025-04-01 08:00:00
MLNUSDT,-0.00048131,11.77,2025-04-01 12:00:00.000,2025-04-01 12:00:00
MLNUSDT,-0.00073731,12.0,2025-04-01 16:00:00.000,2025-04-01 16:00:00
MLNUSDT,-0.00194914,11.82,2025-04-01 20:00:00.003,2025-04-01 20:00:00
MLNUSDT,-0.00040326,11.36,2025-04-02 00:00:00.001,2025-04-02 00:00:00
MLNUSDT,-0.00359039,11.78,2025-04-02 04:00:00.001,2025-04-02 04:00:00
MLNUSDT,-0.0010983,11.38119797,2025-04-02 08:00:00.000,2025-04-02 08:00:00
MLNUSDT,-1.896e-05,11.31022268,2025-04-02 12:00:00.002,2025-04-02 12:00:00
MLNUSDT,-0.00014047,11.03,2025-04-02 16:00:00.000,2025-04-02 16:00:00
MLNUSDT,-0.00017866,11.43262988,2025-04-02 20:00:00.000,2025-04-02 20:00:00
MLNUSDT,-0.00083175,10.85112456,2025-04-03 00:00:00.000,2025-04-03 00:00:00
MLNUSDT,3.558e-05,11.1150933,2025-04-03 04:00:00.000,2025-04-03 04:00:00
MLNUSDT,5e-05,10.70250473,2025-04-03 08:00:00.000,2025-04-03 08:00:00
MLNUSDT,-0.00173261,10.36996069,2025-04-03 12:00:00.000,2025-04-03 12:00:00
MLNUSDT,5e-05,9.94,2025-04-03 16:00:00.000,2025-04-03 16:00:00
MLNUSDT,-4.917e-05,10.39811058,2025-04-03 20:00:00.000,2025-04-03 20:00:00
MLNUSDT,5e-05,10.35220107,2025-04-04 00:00:00.000,2025-04-04 00:00:00
MLNUSDT,5e-05,10.10005234,2025-04-04 04:00:00.000,2025-04-04 04:00:00
MLNUSDT,5e-05,10.24763469,2025-04-04 08:00:00.000,2025-04-04 08:00:00
MLNUSDT,-0.00140963,9.38,2025-04-04 12:00:00.000,2025-04-04 12:00:00
MLNUSDT,-0.00104577,9.77080029,2025-04-04 16:00:00.000,2025-04-04 16:00:00
MLNUSDT,5e-05,9.79119262,2025-04-04 20:00:00.001,2025-04-04 20:00:00
MLNUSDT,5e-05,9.41847728,2025-04-05 00:00:00.000,2025-04-05 00:00:00
MLNUSDT,5e-05,9.39118246,2025-04-05 04:00:00.000,2025-04-05 04:00:00
MLNUSDT,5e-05,10.02742037,2025-04-05 08:00:00.000,2025-04-05 08:00:00
MLNUSDT,-0.00654853,11.61,2025-04-05 12:00:00.000,2025-04-05 12:00:00
MLNUSDT,-0.00141085,10.68,2025-04-05 16:00:00.000,2025-04-05 16:00:00
MLNUSDT,5e-05,10.64867318,2025-04-05 20:00:00.000,2025-04-05 20:00:00
MLNUSDT,5e-05,10.51334445,2025-04-06 00:00:00.000,2025-04-06 00:00:00
MLNUSDT,5e-05,10.33,2025-04-06 04:00:00.000,2025-04-06 04:00:00
MLNUSDT,9.85e-06,9.93,2025-04-06 08:00:00.000,2025-04-06 08:00:00
MLNUSDT,-7.583e-05,10.1,2025-04-06 12:00:00.001,2025-04-06 12:00:00
MLNUSDT,-0.00033558,10.2,2025-04-06 16:00:00.002,2025-04-06 16:00:00
MLNUSDT,5e-05,9.63665041,2025-04-06 20:00:00.001,2025-04-06 20:00:00
MLNUSDT,5e-05,9.83417627,2025-04-07 00:00:00.000,2025-04-07 00:00:00
MLNUSDT,-6.265e-05,8.53277031,2025-04-07 04:00:00.000,2025-04-07 04:00:00
MLNUSDT,4.187e-05,8.62954186,2025-04-07 08:00:00.000,2025-04-07 08:00:00
MLNUSDT,5e-05,8.80251439,2025-04-07 12:00:00.000,2025-04-07 12:00:00
MLNUSDT,5e-05,9.3,2025-04-07 16:00:00.000,2025-04-07 16:00:00
MLNUSDT,5e-05,9.42,2025-04-07 20:00:00.000,2025-04-07 20:00:00
MLNUSDT,-8.89e-05,9.14,2025-04-08 00:00:00.000,2025-04-08 00:00:00
MLNUSDT,5e-05,9.41059861,2025-04-08 04:00:00.000,2025-04-08 04:00:00
MLNUSDT,5e-05,9.12,2025-04-08 08:00:00.000,2025-04-08 08:00:00
MLNUSDT,2.43e-05,9.01325318,2025-04-08 12:00:00.000,2025-04-08 12:00:00
MLNUSDT,5e-05,9.21883486,2025-04-08 16:00:00.000,2025-04-08 16:00:00
MLNUSDT,5e-05,8.88928342,2025-04-08 20:00:00.000,2025-04-08 20:00:00
MLNUSDT,5e-05,8.93384709,2025-04-09 00:00:00.000,2025-04-09 00:00:00
MLNUSDT,5e-05,8.46740407,2025-04-09 04:00:00.000,2025-04-09 04:00:00
MLNUSDT,-9.91e-05,8.70211736,2025-04-09 08:00:00.001,2025-04-09 08:00:00
MLNUSDT,5e-05,9.04785931,2025-04-09 12:00:00.000,2025-04-09 12:00:00
MLNUSDT,5e-05,9.12446667,2025-04-09 16:00:00.000,2025-04-09 16:00:00
MLNUSDT,5e-05,9.40200678,2025-04-09 20:00:00.000,2025-04-09 20:00:00
MLNUSDT,5e-05,9.46362988,2025-04-10 00:00:00.000,2025-04-10 00:00:00
MLNUSDT,5e-05,9.06592458,2025-04-10 04:00:00.000,2025-04-10 04:00:00
MLNUSDT,5e-05,8.99,2025-04-10 08:00:00.000,2025-04-10 08:00:00
MLNUSDT,5e-05,8.95660151,2025-04-10 12:00:00.000,2025-04-10 12:00:00
MLNUSDT,-0.00016935,8.66593836,2025-04-10 16:00:00.000,2025-04-10 16:00:00
MLNUSDT,5e-05,8.80596289,2025-04-10 20:00:00.000,2025-04-10 20:00:00
MLNUSDT,5e-05,8.69362814,2025-04-11 00:00:00.001,2025-04-11 00:00:00
MLNUSDT,5e-05,8.91763667,2025-04-11 04:00:00.001,2025-04-11 04:00:00
MLNUSDT,5e-05,8.96316336,2025-04-11 08:00:00.000,2025-04-11 08:00:00
MLNUSDT,5e-05,9.0026876,2025-04-11 12:00:00.000,2025-04-11 12:00:00
MLNUSDT,5e-05,9.0,2025-04-11 16:00:00.000,2025-04-11 16:00:00
MLNUSDT,5e-05,8.92938695,2025-04-11 20:00:00.001,2025-04-11 20:00:00
MLNUSDT,5e-05,8.88,2025-04-12 00:00:00.000,2025-04-12 00:00:00
MLNUSDT,5e-05,9.00642562,2025-04-12 04:00:00.000,2025-04-12 04:00:00
MLNUSDT,5e-05,8.93,2025-04-12 08:00:00.001,2025-04-12 08:00:00
MLNUSDT,5e-05,8.7,2025-04-12 12:00:00.001,2025-04-12 12:00:00
MLNUSDT,5e-05,9.0066969,2025-04-12 16:00:00.000,2025-04-12 16:00:00
MLNUSDT,5e-05,9.0,2025-04-12 20:00:00.000,2025-04-12 20:00:00
MLNUSDT,5e-05,9.08,2025-04-13 00:00:00.000,2025-04-13 00:00:00
MLNUSDT,5e-05,8.97296671,2025-04-13 04:00:00.000,2025-04-13 04:00:00
MLNUSDT,-0.00023121,8.8135442,2025-04-13 08:00:00.000,2025-04-13 08:00:00
MLNUSDT,-6.493e-05,8.98407258,2025-04-13 12:00:00.000,2025-04-13 12:00:00
MLNUSDT,-0.00011852,8.7122252,2025-04-13 16:00:00.000,2025-04-13 16:00:00
MLNUSDT,5e-05,8.7,2025-04-13 20:00:00.000,2025-04-13 20:00:00
MLNUSDT,-0.00102332,8.5,2025-04-14 00:00:00.000,2025-04-14 00:00:00
MLNUSDT,5e-05,8.62092547,2025-04-14 04:00:00.000,2025-04-14 04:00:00
MLNUSDT,5e-05,8.71685868,2025-04-14 08:00:00.000,2025-04-14 08:00:00
MLNUSDT,-9.47e-05,8.66096,2025-04-14 12:00:00.002,2025-04-14 12:00:00
MLNUSDT,4.51e-06,8.34,2025-04-14 16:00:00.000,2025-04-14 16:00:00
MLNUSDT,5e-05,8.45177783,2025-04-14 20:00:00.000,2025-04-14 20:00:00
MLNUSDT,5e-05,8.49,2025-04-15 00:00:00.000,2025-04-15 00:00:00
MLNUSDT,5e-05,8.47998513,2025-04-15 04:00:00.001,2025-04-15 04:00:00
MLNUSDT,5e-05,8.5,2025-04-15 08:00:00.000,2025-04-15 08:00:00
MLNUSDT,5e-05,8.48552759,2025-04-15 12:00:00.000,2025-04-15 12:00:00
MLNUSDT,5e-05,8.64812602,2025-04-15 16:00:00.001,2025-04-15 16:00:00
MLNUSDT,5e-05,8.62613333,2025-04-15 20:00:00.000,2025-04-15 20:00:00
MLNUSDT,5e-05,8.47,2025-04-16 00:00:00.000,2025-04-16 00:00:00
MLNUSDT,5e-05,8.48332922,2025-04-16 04:00:00.000,2025-04-16 04:00:00
MLNUSDT,5e-05,8.17841626,2025-04-16 08:00:00.000,2025-04-16 08:00:00
MLNUSDT,5e-05,8.15724758,2025-04-16 12:00:00.000,2025-04-16 12:00:00
MLNUSDT,5e-05,8.16242445,2025-04-16 16:00:00.000,2025-04-16 16:00:00
MLNUSDT,5e-05,8.15,2025-04-16 20:00:00.000,2025-04-16 20:00:00
MLNUSDT,5e-05,8.01,2025-04-17 00:00:00.001,2025-04-17 00:00:00
MLNUSDT,-3.878e-05,7.87975222,2025-04-17 04:00:00.000,2025-04-17 04:00:00
MLNUSDT,5e-05,7.98443333,2025-04-17 08:00:00.000,2025-04-17 08:00:00
MLNUSDT,5e-05,7.61738054,2025-04-17 12:00:00.000,2025-04-17 12:00:00
MLNUSDT,-0.00014705,7.66847148,2025-04-17 16:00:00.001,2025-04-17 16:00:00
MLNUSDT,5e-05,7.69528233,2025-04-17 20:00:00.001,2025-04-17 20:00:00
MLNUSDT,5e-05,7.65310333,2025-04-18 00:00:00.000,2025-04-18 00:00:00
MLNUSDT,5e-05,7.72,2025-04-18 04:00:00.000,2025-04-18 04:00:00
MLNUSDT,5e-05,7.88253333,2025-04-18 08:00:00.000,2025-04-18 08:00:00
MLNUSDT,5e-05,7.93815529,2025-04-18 12:00:00.000,2025-04-18 12:00:00
MLNUSDT,5e-05,7.83986667,2025-04-18 16:00:00.000,2025-04-18 16:00:00
MLNUSDT,5e-05,7.83158667,2025-04-18 20:00:00.000,2025-04-18 20:00:00
MLNUSDT,5e-05,7.85,2025-04-19 00:00:00.000,2025-04-19 00:00:00
MLNUSDT,5e-05,7.99916667,2025-04-19 04:00:00.000,2025-04-19 04:00:00
MLNUSDT,5e-05,7.99814557,2025-04-19 08:00:00.000,2025-04-19 08:00:00
MLNUSDT,5e-05,7.96438301,2025-04-19 12:00:00.000,2025-04-19 12:00:00
MLNUSDT,5e-05,7.9932604,2025-04-19 16:00:00.000,2025-04-19 16:00:00
MLNUSDT,5e-05,8.25128553,2025-04-19 20:00:00.000,2025-04-19 20:00:00
MLNUSDT,5e-05,8.25411922,2025-04-20 00:00:00.000,2025-04-20 00:00:00
MLNUSDT,5e-05,8.32825186,2025-04-20 04:00:00.000,2025-04-20 04:00:00
MLNUSDT,5e-05,8.48903333,2025-04-20 08:00:00.000,2025-04-20 08:00:00
MLNUSDT,5e-05,8.17354929,2025-04-20 12:00:00.001,2025-04-20 12:00:00
MLNUSDT,5e-05,8.21,2025-04-20 16:00:00.000,2025-04-20 16:00:00
MLNUSDT,5e-05,8.13250792,2025-04-20 20:00:00.000,2025-04-20 20:00:00
MLNUSDT,5e-05,8.09562601,2025-04-21 00:00:00.000,2025-04-21 00:00:00
MLNUSDT,5e-05,8.42948852,2025-04-21 04:00:00.000,2025-04-21 04:00:00
MLNUSDT,5e-05,8.38852333,2025-04-21 08:00:00.005,2025-04-21 08:00:00
MLNUSDT,5e-05,8.21,2025-04-21 12:00:00.002,2025-04-21 12:00:00
MLNUSDT,5e-05,8.29144057,2025-04-21 16:00:00.003,2025-04-21 16:00:00
MLNUSDT,5e-05,8.18576667,2025-04-21 20:00:00.006,2025-04-21 20:00:00
MLNUSDT,5e-05,8.08,2025-04-22 00:00:00.008,2025-04-22 00:00:00
MLNUSDT,5e-05,8.09994607,2025-04-22 04:00:00.000,2025-04-22 04:00:00
MLNUSDT,5e-05,8.07,2025-04-22 08:00:00.000,2025-04-22 08:00:00
MLNUSDT,5e-05,8.34,2025-04-22 12:00:00.001,2025-04-22 12:00:00
MLNUSDT,5e-05,8.62,2025-04-22 16:00:00.000,2025-04-22 16:00:00
MLNUSDT,4.915e-05,8.67,2025-04-22 20:00:00.004,2025-04-22 20:00:00
MLNUSDT,5e-05,8.8,2025-04-23 00:00:00.000,2025-04-23 00:00:00
MLNUSDT,5e-05,9.06,2025-04-23 04:00:00.000,2025-04-23 04:00:00
MLNUSDT,5e-05,8.75474194,2025-04-23 08:00:00.002,2025-04-23 08:00:00
MLNUSDT,5e-05,8.90148936,2025-04-23 12:00:00.005,2025-04-23 12:00:00
MLNUSDT,5e-05,8.66240939,2025-04-23 16:00:00.000,2025-04-23 16:00:00
MLNUSDT,5e-05,8.78,2025-04-23 20:00:00.001,2025-04-23 20:00:00
MLNUSDT,-0.00016499,8.78,2025-04-24 00:00:00.000,2025-04-24 00:00:00
MLNUSDT,5e-05,8.62,2025-04-24 04:00:00.003,2025-04-24 04:00:00
MLNUSDT,5e-05,8.90249078,2025-04-24 08:00:00.001,2025-04-24 08:00:00
MLNUSDT,5e-05,9.13168233,2025-04-24 12:00:00.001,2025-04-24 12:00:00
MLNUSDT,5e-05,9.23176552,2025-04-24 16:00:00.001,2025-04-24 16:00:00
MLNUSDT,5e-05,9.2,2025-04-24 20:00:00.006,2025-04-24 20:00:00
MLNUSDT,5e-05,9.45,2025-04-25 00:00:00.007,2025-04-25 00:00:00
MLNUSDT,5e-05,9.38991489,2025-04-25 04:00:00.001,2025-04-25 04:00:00
MLNUSDT,5e-05,9.64721565,2025-04-25 08:00:00.002,2025-04-25 08:00:00
MLNUSDT,5e-05,9.38,2025-04-25 12:00:00.000,2025-04-25 12:00:00
MLNUSDT,5e-05,9.51684133,2025-04-25 16:00:00.003,2025-04-25 16:00:00
MLNUSDT,5e-05,9.36,2025-04-25 20:00:00.001,2025-04-25 20:00:00
MLNUSDT,5e-05,9.41,2025-04-26 00:00:00.002,2025-04-26 00:00:00
MLNUSDT,5e-05,9.5578,2025-04-26 04:00:00.001,2025-04-26 04:00:00
MLNUSDT,5e-05,9.5,2025-04-26 08:00:00.000,2025-04-26 08:00:00
MLNUSDT,5e-05,9.22042784,2025-04-26 12:00:00.000,2025-04-26 12:00:00
MLNUSDT,5e-05,9.43156541,2025-04-26 16:00:00.002,2025-04-26 16:00:00
MLNUSDT,5e-05,9.49299189,2025-04-26 20:00:00.000,2025-04-26 20:00:00
MLNUSDT,5e-05,9.55702321,2025-04-27 00:00:00.001,2025-04-27 00:00:00
MLNUSDT,5e-05,9.44265964,2025-04-27 04:00:00.001,2025-04-27 04:00:00
MLNUSDT,5e-05,9.40957634,2025-04-27 08:00:00.000,2025-04-27 08:00:00
MLNUSDT,5e-05,9.63071873,2025-04-27 12:00:00.000,2025-04-27 12:00:00
MLNUSDT,-8.568e-05,9.15,2025-04-27 16:00:00.000,2025-04-27 16:00:00
MLNUSDT,5e-05,9.20663912,2025-04-27 20:00:00.003,2025-04-27 20:00:00
MLNUSDT,5e-05,9.06512608,2025-04-28 00:00:00.001,2025-04-28 00:00:00
MLNUSDT,5e-05,9.00781308,2025-04-28 04:00:00.001,2025-04-28 04:00:00
MLNUSDT,5e-05,9.241784,2025-04-28 08:00:00.003,2025-04-28 08:00:00
MLNUSDT,5e-05,9.38392672,2025-04-28 12:00:00.000,2025-04-28 12:00:00
MLNUSDT,5e-05,9.12943568,2025-04-28 16:00:00.005,2025-04-28 16:00:00
MLNUSDT,5e-05,9.3,2025-04-28 20:00:00.002,2025-04-28 20:00:00
MLNUSDT,5e-05,9.28614535,2025-04-29 00:00:00.000,2025-04-29 00:00:00
MLNUSDT,5e-05,9.38,2025-04-29 04:00:00.000,2025-04-29 04:00:00
MLNUSDT,5e-05,9.50716129,2025-04-29 08:00:00.000,2025-04-29 08:00:00
MLNUSDT,5e-05,9.25701075,2025-04-29 12:00:00.001,2025-04-29 12:00:00
MLNUSDT,5e-05,9.25625703,2025-04-29 16:00:00.010,2025-04-29 16:00:00
MLNUSDT,5e-05,9.1,2025-04-29 20:00:00.002,2025-04-29 20:00:00
MLNUSDT,5e-05,8.9662049,2025-04-30 00:00:00.001,2025-04-30 00:00:00
MLNUSDT,5e-05,9.04120928,2025-04-30 04:00:00.001,2025-04-30 04:00:00
MLNUSDT,5e-05,9.1,2025-04-30 08:00:00.000,2025-04-30 08:00:00
MLNUSDT,5e-05,9.26120429,2025-04-30 12:00:00.001,2025-04-30 12:00:00
MLNUSDT,5e-05,8.96,2025-04-30 16:00:00.003,2025-04-30 16:00:00
MLNUSDT,5e-05,8.99,2025-04-30 20:00:00.002,2025-04-30 20:00:00
MLNUSDT,5e-05,9.09432349,2025-05-01 00:00:00.000,2025-05-01 00:00:00
MLNUSDT,5e-05,9.02675914,2025-05-01 04:00:00.008,2025-05-01 04:00:00
MLNUSDT,5e-05,9.35531077,2025-05-01 08:00:00.000,2025-05-01 08:00:00
MLNUSDT,5e-05,9.5,2025-05-01 12:00:00.001,2025-05-01 12:00:00
MLNUSDT,5e-05,9.46987399,2025-05-01 16:00:00.001,2025-05-01 16:00:00
MLNUSDT,5e-05,9.46931546,2025-05-01 20:00:00.000,2025-05-01 20:00:00
MLNUSDT,5e-05,9.48570215,2025-05-02 00:00:00.000,2025-05-02 00:00:00
MLNUSDT,5e-05,9.4145828,2025-05-02 04:00:00.000,2025-05-02 04:00:00
MLNUSDT,5e-05,9.22378313,2025-05-02 08:00:00.000,2025-05-02 08:00:00
MLNUSDT,5e-05,9.17264946,2025-05-02 12:00:00.005,2025-05-02 12:00:00
MLNUSDT,5e-05,9.16348838,2025-05-02 16:00:00.003,2025-05-02 16:00:00
MLNUSDT,5e-05,9.08777419,2025-05-02 20:00:00.003,2025-05-02 20:00:00
MLNUSDT,5e-05,9.14494327,2025-05-03 00:00:00.000,2025-05-03 00:00:00
MLNUSDT,5e-05,9.22064949,2025-05-03 04:00:00.001,2025-05-03 04:00:00
MLNUSDT,5e-05,9.11,2025-05-03 08:00:00.000,2025-05-03 08:00:00
MLNUSDT,5e-05,8.85,2025-05-03 12:00:00.006,2025-05-03 12:00:00
MLNUSDT,5e-05,8.91,2025-05-03 16:00:00.000,2025-05-03 16:00:00
MLNUSDT,5e-05,8.63,2025-05-03 20:00:00.000,2025-05-03 20:00:00
MLNUSDT,5e-05,8.58655575,2025-05-04 00:00:00.001,2025-05-04 00:00:00
MLNUSDT,5e-05,8.58,2025-05-04 04:00:00.004,2025-05-04 04:00:00
MLNUSDT,5e-05,8.61,2025-05-04 08:00:00.001,2025-05-04 08:00:00
MLNUSDT,5e-05,8.52,2025-05-04 12:00:00.006,2025-05-04 12:00:00
MLNUSDT,5e-05,8.4162695,2025-05-04 16:00:00.002,2025-05-04 16:00:00
MLNUSDT,5e-05,8.48481733,2025-05-04 20:00:00.000,2025-05-04 20:00:00
MLNUSDT,5e-05,8.42548172,2025-05-05 00:00:00.000,2025-05-05 00:00:00
MLNUSDT,5e-05,8.38,2025-05-05 04:00:00.000,2025-05-05 04:00:00
MLNUSDT,5e-05,8.5044253,2025-05-05 08:00:00.000,2025-05-05 08:00:00
MLNUSDT,5e-05,8.36,2025-05-05 12:00:00.000,2025-05-05 12:00:00
MLNUSDT,5e-05,8.34,2025-05-05 16:00:00.006,2025-05-05 16:00:00
MLNUSDT,5e-05,8.47,2025-05-05 20:00:00.000,2025-05-05 20:00:00
MLNUSDT,5e-05,8.54579494,2025-05-06 00:00:00.002,2025-05-06 00:00:00
MLNUSDT,5e-05,8.67275538,2025-05-06 04:00:00.000,2025-05-06 04:00:00
MLNUSDT,5e-05,8.64,2025-05-06 08:00:00.005,2025-05-06 08:00:00
MLNUSDT,5e-05,8.35414414,2025-05-06 12:00:00.000,2025-05-06 12:00:00
MLNUSDT,5e-05,8.33,2025-05-06 16:00:00.000,2025-05-06 16:00:00
MLNUSDT,5e-05,8.21560215,2025-05-06 20:00:00.000,2025-05-06 20:00:00
MLNUSDT,5e-05,8.24,2025-05-07 00:00:00.002,2025-05-07 00:00:00
MLNUSDT,5e-05,8.1879129,2025-05-07 04:00:00.004,2025-05-07 04:00:00
MLNUSDT,5e-05,8.27,2025-05-07 08:00:00.000,2025-05-07 08:00:00
MLNUSDT,5e-05,8.32600736,2025-05-07 12:00:00.000,2025-05-07 12:00:00
MLNUSDT,5e-05,8.16,2025-05-07 16:00:00.006,2025-05-07 16:00:00
MLNUSDT,5e-05,8.06587097,2025-05-07 20:00:00.000,2025-05-07 20:00:00
MLNUSDT,5e-05,8.26289381,2025-05-08 00:00:00.000,2025-05-08 00:00:00
MLNUSDT,5e-05,8.59,2025-05-08 04:00:00.005,2025-05-08 04:00:00
MLNUSDT,5e-05,8.75495806,2025-05-08 08:00:00.001,2025-05-08 08:00:00
MLNUSDT,5e-05,8.74,2025-05-08 12:00:00.000,2025-05-08 12:00:00
MLNUSDT,5e-05,8.8601888,2025-05-08 16:00:00.002,2025-05-08 16:00:00
MLNUSDT,5e-05,9.05209301,2025-05-08 20:00:00.006,2025-05-08 20:00:00
MLNUSDT,5e-05,9.27,2025-05-09 00:00:00.001,2025-05-09 00:00:00
MLNUSDT,5e-05,9.31,2025-05-09 04:00:00.000,2025-05-09 04:00:00
MLNUSDT,5e-05,9.66976437,2025-05-09 08:00:00.006,2025-05-09 08:00:00
MLNUSDT,5e-05,9.43,2025-05-09 12:00:00.000,2025-05-09 12:00:00
MLNUSDT,5e-05,9.34561827,2025-05-09 16:00:00.000,2025-05-09 16:00:00
MLNUSDT,5e-05,9.41,2025-05-09 20:00:00.000,2025-05-09 20:00:00
MLNUSDT,5e-05,9.48,2025-05-10 00:00:00.001,2025-05-10 00:00:00
MLNUSDT,5e-05,9.58253443,2025-05-10 04:00:00.003,2025-05-10 04:00:00
MLNUSDT,5e-05,9.74,2025-05-10 08:00:00.000,2025-05-10 08:00:00
MLNUSDT,5e-05,9.7,2025-05-10 12:00:00.000,2025-05-10 12:00:00
MLNUSDT,5e-05,9.50737205,2025-05-10 16:00:00.001,2025-05-10 16:00:00
MLNUSDT,5e-05,9.6774847,2025-05-10 20:00:00.000,2025-05-10 20:00:00
MLNUSDT,5e-05,9.95,2025-05-11 00:00:00.000,2025-05-11 00:00:00
MLNUSDT,5e-05,9.94495058,2025-05-11 04:00:00.000,2025-05-11 04:00:00
MLNUSDT,5e-05,9.70021882,2025-05-11 08:00:00.001,2025-05-11 08:00:00
MLNUSDT,5e-05,10.05,2025-05-11 12:00:00.001,2025-05-11 12:00:00
MLNUSDT,5e-05,9.95079503,2025-05-11 16:00:00.001,2025-05-11 16:00:00
MLNUSDT,5e-05,10.07,2025-05-11 20:00:00.000,2025-05-11 20:00:00
MLNUSDT,5e-05,9.93,2025-05-12 00:00:00.004,2025-05-12 00:00:00
MLNUSDT,5e-05,10.10735653,2025-05-12 04:00:00.003,2025-05-12 04:00:00
MLNUSDT,5e-05,9.96712439,2025-05-12 08:00:00.000,2025-05-12 08:00:00
MLNUSDT,5e-05,9.81927914,2025-05-12 12:00:00.000,2025-05-12 12:00:00
MLNUSDT,5e-05,9.75,2025-05-12 16:00:00.000,2025-05-12 16:00:00
MLNUSDT,5e-05,9.46,2025-05-12 20:00:00.004,2025-05-12 20:00:00
MLNUSDT,5e-05,9.66962706,2025-05-13 00:00:00.000,2025-05-13 00:00:00
MLNUSDT,5e-05,9.22629842,2025-05-13 04:00:00.000,2025-05-13 04:00:00
MLNUSDT,5e-05,9.45,2025-05-13 08:00:00.008,2025-05-13 08:00:00
MLNUSDT,5e-05,9.75,2025-05-13 12:00:00.000,2025-05-13 12:00:00
MLNUSDT,5e-05,9.7414101,2025-05-13 16:00:00.001,2025-05-13 16:00:00
MLNUSDT,5e-05,9.92640891,2025-05-13 20:00:00.006,2025-05-13 20:00:00
MLNUSDT,5e-05,9.91,2025-05-14 00:00:00.007,2025-05-14 00:00:00
MLNUSDT,5e-05,9.93355616,2025-05-14 04:00:00.000,2025-05-14 04:00:00
MLNUSDT,5e-05,9.84,2025-05-14 08:00:00.000,2025-05-14 08:00:00
MLNUSDT,5e-05,9.77958047,2025-05-14 12:00:00.000,2025-05-14 12:00:00
MLNUSDT,5e-05,9.57926622,2025-05-14 16:00:00.002,2025-05-14 16:00:00
MLNUSDT,5e-05,9.54,2025-05-14 20:00:00.007,2025-05-14 20:00:00
MLNUSDT,5e-05,9.42470245,2025-05-15 00:00:00.000,2025-05-15 00:00:00
MLNUSDT,5e-05,9.29,2025-05-15 04:00:00.000,2025-05-15 04:00:00
MLNUSDT,5e-05,8.93,2025-05-15 08:00:00.003,2025-05-15 08:00:00
MLNUSDT,5e-05,8.91,2025-05-15 12:00:00.000,2025-05-15 12:00:00
MLNUSDT,5e-05,8.87,2025-05-15 16:00:00.000,2025-05-15 16:00:00
MLNUSDT,5e-05,8.83227413,2025-05-15 20:00:00.001,2025-05-15 20:00:00
MLNUSDT,5e-05,8.78622984,2025-05-16 00:00:00.001,2025-05-16 00:00:00
MLNUSDT,5e-05,8.88,2025-05-16 04:00:00.001,2025-05-16 04:00:00
MLNUSDT,5e-05,8.80106452,2025-05-16 08:00:00.000,2025-05-16 08:00:00
MLNUSDT,5e-05,8.81967688,2025-05-16 12:00:00.006,2025-05-16 12:00:00
MLNUSDT,5e-05,8.78,2025-05-16 16:00:00.000,2025-05-16 16:00:00
MLNUSDT,5e-05,8.81150762,2025-05-16 20:00:00.002,2025-05-16 20:00:00
MLNUSDT,5e-05,8.65960641,2025-05-17 00:00:00.000,2025-05-17 00:00:00
MLNUSDT,5e-05,8.57,2025-05-17 04:00:00.000,2025-05-17 04:00:00
MLNUSDT,5e-05,8.38962021,2025-05-17 08:00:00.001,2025-05-17 08:00:00
MLNUSDT,5e-05,8.36,2025-05-17 12:00:00.002,2025-05-17 12:00:00
MLNUSDT,5e-05,8.41617734,2025-05-17 16:00:00.004,2025-05-17 16:00:00
MLNUSDT,5e-05,8.41,2025-05-17 20:00:00.003,2025-05-17 20:00:00
MLNUSDT,5e-05,8.52440161,2025-05-18 00:00:00.000,2025-05-18 00:00:00
MLNUSDT,5e-05,8.5144729,2025-05-18 04:00:00.003,2025-05-18 04:00:00
MLNUSDT,5e-05,8.66634635,2025-05-18 08:00:00.000,2025-05-18 08:00:00
MLNUSDT,5e-05,8.57,2025-05-18 12:00:00.010,2025-05-18 12:00:00
MLNUSDT,5e-05,8.82517167,2025-05-18 16:00:00.000,2025-05-18 16:00:00
MLNUSDT,5e-05,8.55,2025-05-18 20:00:00.001,2025-05-18 20:00:00
MLNUSDT,5e-05,8.87524117,2025-05-19 00:00:00.000,2025-05-19 00:00:00
MLNUSDT,5e-05,8.45448305,2025-05-19 04:00:00.004,2025-05-19 04:00:00
MLNUSDT,5e-05,8.43796314,2025-05-19 08:00:00.006,2025-05-19 08:00:00
MLNUSDT,5e-05,8.39613492,2025-05-19 12:00:00.000,2025-05-19 12:00:00
MLNUSDT,5e-05,8.5,2025-05-19 16:00:00.010,2025-05-19 16:00:00
MLNUSDT,5e-05,8.69,2025-05-19 20:00:00.000,2025-05-19 20:00:00
MLNUSDT,5e-05,8.73647419,2025-05-20 00:00:00.000,2025-05-20 00:00:00
MLNUSDT,5e-05,8.7118739,2025-05-20 04:00:00.000,2025-05-20 04:00:00
MLNUSDT,5e-05,8.64124892,2025-05-20 08:00:00.002,2025-05-20 08:00:00
MLNUSDT,5e-05,8.59593917,2025-05-20 12:00:00.003,2025-05-20 12:00:00
MLNUSDT,5e-05,8.61204242,2025-05-20 16:00:00.000,2025-05-20 16:00:00
MLNUSDT,5e-05,8.7,2025-05-20 20:00:00.000,2025-05-20 20:00:00
MLNUSDT,5e-05,8.74684086,2025-05-21 00:00:00.000,2025-05-21 00:00:00
MLNUSDT,5e-05,8.84,2025-05-21 04:00:00.000,2025-05-21 04:00:00
MLNUSDT,5e-05,8.75855246,2025-05-21 08:00:00.001,2025-05-21 08:00:00
MLNUSDT,5e-05,8.81496452,2025-05-21 12:00:00.007,2025-05-21 12:00:00
MLNUSDT,5e-05,8.83213968,2025-05-21 16:00:00.004,2025-05-21 16:00:00
MLNUSDT,5e-05,8.8,2025-05-21 20:00:00.001,2025-05-21 20:00:00
MLNUSDT,5e-05,8.83,2025-05-22 00:00:00.001,2025-05-22 00:00:00
MLNUSDT,5e-05,9.04488065,2025-05-22 04:00:00.000,2025-05-22 04:00:00
MLNUSDT,5e-05,9.07,2025-05-22 08:00:00.000,2025-05-22 08:00:00
MLNUSDT,5e-05,9.25,2025-05-22 12:00:00.000,2025-05-22 12:00:00
MLNUSDT,5e-05,9.32,2025-05-22 16:00:00.002,2025-05-22 16:00:00
MLNUSDT,5e-05,9.31426607,2025-05-22 20:00:00.001,2025-05-22 20:00:00
MLNUSDT,5e-05,9.35780645,2025-05-23 00:00:00.006,2025-05-23 00:00:00
MLNUSDT,5e-05,9.45586331,2025-05-23 04:00:00.000,2025-05-23 04:00:00
MLNUSDT,5e-05,9.21,2025-05-23 08:00:00.000,2025-05-23 08:00:00
MLNUSDT,5e-05,8.98,2025-05-23 12:00:00.003,2025-05-23 12:00:00
MLNUSDT,5e-05,8.96652343,2025-05-23 16:00:00.007,2025-05-23 16:00:00
MLNUSDT,5e-05,8.71,2025-05-23 20:00:00.006,2025-05-23 20:00:00
MLNUSDT,5e-05,8.35926625,2025-05-24 00:00:00.010,2025-05-24 00:00:00
MLNUSDT,5e-05,8.31309007,2025-05-24 04:00:00.000,2025-05-24 04:00:00
MLNUSDT,5e-05,8.16999793,2025-05-24 08:00:00.000,2025-05-24 08:00:00
MLNUSDT,5e-05,8.18525877,2025-05-24 12:00:00.007,2025-05-24 12:00:00
MLNUSDT,5e-05,8.2377163,2025-05-24 16:00:00.003,2025-05-24 16:00:00
MLNUSDT,5e-05,8.25,2025-05-24 20:00:00.000,2025-05-24 20:00:00
MLNUSDT,5e-05,8.1598923,2025-05-25 00:00:00.004,2025-05-25 00:00:00
MLNUSDT,5e-05,8.03,2025-05-25 04:00:00.001,2025-05-25 04:00:00
MLNUSDT,5e-05,8.00161982,2025-05-25 08:00:00.000,2025-05-25 08:00:00
MLNUSDT,5e-05,7.93,2025-05-25 12:00:00.000,2025-05-25 12:00:00
MLNUSDT,5e-05,7.91,2025-05-25 16:00:00.000,2025-05-25 16:00:00
MLNUSDT,5e-05,7.9815971,2025-05-25 20:00:00.010,2025-05-25 20:00:00
MLNUSDT,5e-05,8.2,2025-05-26 00:00:00.000,2025-05-26 00:00:00
MLNUSDT,5e-05,8.19500215,2025-05-26 04:00:00.000,2025-05-26 04:00:00
MLNUSDT,5e-05,8.25,2025-05-26 08:00:00.000,2025-05-26 08:00:00
MLNUSDT,-4.846e-05,8.18101613,2025-05-26 12:00:00.000,2025-05-26 12:00:00
MLNUSDT,5e-05,8.15647312,2025-05-26 16:00:00.002,2025-05-26 16:00:00
MLNUSDT,5e-05,8.10158782,2025-05-26 20:00:00.000,2025-05-26 20:00:00
MLNUSDT,5e-05,8.24,2025-05-27 00:00:00.003,2025-05-27 00:00:00
MLNUSDT,5e-05,8.32954839,2025-05-27 04:00:00.000,2025-05-27 04:00:00
MLNUSDT,5e-05,8.46,2025-05-27 08:00:00.001,2025-05-27 08:00:00
MLNUSDT,5e-05,8.3252129,2025-05-27 12:00:00.005,2025-05-27 12:00:00
MLNUSDT,5e-05,8.38,2025-05-27 16:00:00.005,2025-05-27 16:00:00
MLNUSDT,5e-05,8.43,2025-05-27 20:00:00.005,2025-05-27 20:00:00
MLNUSDT,5e-05,8.27098862,2025-05-28 00:00:00.002,2025-05-28 00:00:00
MLNUSDT,5e-05,8.42167378,2025-05-28 04:00:00.010,2025-05-28 04:00:00
MLNUSDT,-0.00055959,8.7,2025-05-28 08:00:00.003,2025-05-28 08:00:00
MLNUSDT,5e-05,8.36,2025-05-28 12:00:00.000,2025-05-28 12:00:00
MLNUSDT,5e-05,8.17549173,2025-05-28 16:00:00.002,2025-05-28 16:00:00
MLNUSDT,5e-05,8.07,2025-05-28 20:00:00.000,2025-05-28 20:00:00
MLNUSDT,5e-05,8.2468823,2025-05-29 00:00:00.000,2025-05-29 00:00:00
MLNUSDT,5e-05,8.34643357,2025-05-29 04:00:00.000,2025-05-29 04:00:00
MLNUSDT,5e-05,8.29,2025-05-29 08:00:00.006,2025-05-29 08:00:00
MLNUSDT,5e-05,8.30610215,2025-05-29 12:00:00.001,2025-05-29 12:00:00
MLNUSDT,5e-05,8.11261419,2025-05-29 16:00:00.000,2025-05-29 16:00:00
MLNUSDT,5e-05,8.10598213,2025-05-29 20:00:00.010,2025-05-29 20:00:00
MLNUSDT,5e-05,8.10305464,2025-05-30 00:00:00.003,2025-05-30 00:00:00
MLNUSDT,5e-05,7.99,2025-05-30 04:00:00.000,2025-05-30 04:00:00
MLNUSDT,5e-05,7.9,2025-05-30 08:00:00.003,2025-05-30 08:00:00
MLNUSDT,-0.00083911,8.58340967,2025-05-30 12:00:00.006,2025-05-30 12:00:00
MLNUSDT,-0.00448129,9.2247945,2025-05-30 16:00:00.000,2025-05-30 16:00:00
MLNUSDT,5e-05,9.04003374,2025-05-30 20:00:00.005,2025-05-30 20:00:00
MLNUSDT,5e-05,8.83871537,2025-05-31 00:00:00.000,2025-05-31 00:00:00
MLNUSDT,5e-05,8.16487834,2025-05-31 04:00:00.004,2025-05-31 04:00:00
MLNUSDT,5e-05,8.21,2025-05-31 08:00:00.000,2025-05-31 08:00:00
MLNUSDT,5e-05,8.15,2025-05-31 12:00:00.000,2025-05-31 12:00:00
MLNUSDT,5e-05,8.14507762,2025-05-31 16:00:00.000,2025-05-31 16:00:00
MLNUSDT,5e-05,8.20500472,2025-05-31 20:00:00.004,2025-05-31 20:00:00
MLNUSDT,5e-05,8.05,2025-06-01 00:00:00.001,2025-06-01 00:00:00
MLNUSDT,5e-05,8.17247903,2025-06-01 04:00:00.001,2025-06-01 04:00:00
MLNUSDT,5e-05,8.13137366,2025-06-01 08:00:00.002,2025-06-01 08:00:00
MLNUSDT,5e-05,8.02787363,2025-06-01 12:00:00.008,2025-06-01 12:00:00
MLNUSDT,5e-05,8.05,2025-06-01 16:00:00.000,2025-06-01 16:00:00
MLNUSDT,5e-05,8.18430772,2025-06-01 20:00:00.003,2025-06-01 20:00:00
MLNUSDT,5e-05,8.1206828,2025-06-02 00:00:00.001,2025-06-02 00:00:00
MLNUSDT,5e-05,7.98,2025-06-02 04:00:00.004,2025-06-02 04:00:00
MLNUSDT,5e-05,8.04562496,2025-06-02 08:00:00.000,2025-06-02 08:00:00
MLNUSDT,5e-05,8.02,2025-06-02 12:00:00.002,2025-06-02 12:00:00
MLNUSDT,5e-05,8.02492586,2025-06-02 16:00:00.000,2025-06-02 16:00:00
MLNUSDT,5e-05,8.04,2025-06-02 20:00:00.002,2025-06-02 20:00:00
MLNUSDT,5e-05,8.1534558,2025-06-03 00:00:00.000,2025-06-03 00:00:00
MLNUSDT,5e-05,8.22098495,2025-06-03 04:00:00.001,2025-06-03 04:00:00
MLNUSDT,5e-05,8.22463684,2025-06-03 08:00:00.000,2025-06-03 08:00:00
MLNUSDT,5e-05,8.25599647,2025-06-03 12:00:00.000,2025-06-03 12:00:00
MLNUSDT,5e-05,8.26475492,2025-06-03 16:00:00.001,2025-06-03 16:00:00
MLNUSDT,5e-05,8.26885211,2025-06-03 20:00:00.000,2025-06-03 20:00:00
MLNUSDT,5e-05,8.14536246,2025-06-04 00:00:00.000,2025-06-04 00:00:00
MLNUSDT,5e-05,8.27,2025-06-04 04:00:00.001,2025-06-04 04:00:00
MLNUSDT,5e-05,8.28,2025-06-04 08:00:00.000,2025-06-04 08:00:00
MLNUSDT,5e-05,8.0,2025-06-04 12:00:00.000,2025-06-04 12:00:00
MLNUSDT,5e-05,8.085123,2025-06-04 16:00:00.000,2025-06-04 16:00:00
MLNUSDT,5e-05,8.17413167,2025-06-04 20:00:00.001,2025-06-04 20:00:00
MLNUSDT,5e-05,8.28,2025-06-05 00:00:00.016,2025-06-05 00:00:00
MLNUSDT,5e-05,8.1250129,2025-06-05 04:00:00.001,2025-06-05 04:00:00
MLNUSDT,5e-05,8.24252187,2025-06-05 08:00:00.000,2025-06-05 08:00:00
MLNUSDT,5e-05,8.05,2025-06-05 12:00:00.003,2025-06-05 12:00:00
MLNUSDT,5e-05,8.16,2025-06-05 16:00:00.000,2025-06-05 16:00:00
MLNUSDT,5e-05,8.10162838,2025-06-05 20:00:00.002,2025-06-05 20:00:00
MLNUSDT,5e-05,7.92429348,2025-06-06 00:00:00.002,2025-06-06 00:00:00
MLNUSDT,5e-05,7.98,2025-06-06 04:00:00.000,2025-06-06 04:00:00
MLNUSDT,5e-05,7.95,2025-06-06 08:00:00.000,2025-06-06 08:00:00
MLNUSDT,5e-05,7.93873871,2025-06-06 12:00:00.002,2025-06-06 12:00:00
MLNUSDT,5e-05,8.01763978,2025-06-06 16:00:00.006,2025-06-06 16:00:00
MLNUSDT,-9.73e-06,7.96,2025-06-06 20:00:00.000,2025-06-06 20:00:00
MLNUSDT,5e-05,7.93668328,2025-06-07 00:00:00.000,2025-06-07 00:00:00
MLNUSDT,5e-05,7.95,2025-06-07 04:00:00.000,2025-06-07 04:00:00
MLNUSDT,5e-05,7.96,2025-06-07 08:00:00.000,2025-06-07 08:00:00
MLNUSDT,5e-05,7.97494194,2025-06-07 12:00:00.000,2025-06-07 12:00:00
MLNUSDT,5e-05,7.94514355,2025-06-07 16:00:00.002,2025-06-07 16:00:00
MLNUSDT,5e-05,7.9515672,2025-06-07 20:00:00.002,2025-06-07 20:00:00
MLNUSDT,5e-05,8.00471129,2025-06-08 00:00:00.000,2025-06-08 00:00:00
MLNUSDT,5e-05,8.02,2025-06-08 04:00:00.000,2025-06-08 04:00:00
MLNUSDT,-0.00039786,7.96,2025-06-08 08:00:00.000,2025-06-08 08:00:00
MLNUSDT,5e-05,7.99498446,2025-06-08 12:00:00.020,2025-06-08 12:00:00
MLNUSDT,5e-05,8.02951613,2025-06-08 16:00:00.000,2025-06-08 16:00:00
MLNUSDT,5e-05,8.01521935,2025-06-08 20:00:00.001,2025-06-08 20:00:00
MLNUSDT,5e-05,7.93518871,2025-06-09 00:00:00.000,2025-06-09 00:00:00
MLNUSDT,5e-05,7.93,2025-06-09 04:00:00.003,2025-06-09 04:00:00
MLNUSDT,-0.00032649,8.0,2025-06-09 08:00:00.001,2025-06-09 08:00:00
MLNUSDT,4.352e-05,7.96848387,2025-06-09 12:00:00.000,2025-06-09 12:00:00
MLNUSDT,5e-05,7.95179769,2025-06-09 16:00:00.001,2025-06-09 16:00:00
MLNUSDT,5e-05,7.98554516,2025-06-09 20:00:00.012,2025-06-09 20:00:00
MLNUSDT,5e-05,8.12925806,2025-06-10 00:00:00.000,2025-06-10 00:00:00
MLNUSDT,5e-05,8.11544538,2025-06-10 04:00:00.000,2025-06-10 04:00:00
MLNUSDT,5e-05,8.12703226,2025-06-10 08:00:00.001,2025-06-10 08:00:00
MLNUSDT,5e-05,8.19473634,2025-06-10 12:00:00.005,2025-06-10 12:00:00
MLNUSDT,5e-05,8.19040437,2025-06-10 16:00:00.003,2025-06-10 16:00:00
MLNUSDT,5e-05,8.15665257,2025-06-10 20:00:00.010,2025-06-10 20:00:00
MLNUSDT,5e-05,8.22101023,2025-06-11 00:00:00.000,2025-06-11 00:00:00
MLNUSDT,5e-05,8.25044822,2025-06-11 04:00:00.006,2025-06-11 04:00:00
MLNUSDT,5e-05,8.25,2025-06-11 08:00:00.000,2025-06-11 08:00:00
MLNUSDT,5e-05,8.06895224,2025-06-11 12:00:00.007,2025-06-11 12:00:00
MLNUSDT,5e-05,8.18201183,2025-06-11 16:00:00.010,2025-06-11 16:00:00
MLNUSDT,5e-05,8.04440926,2025-06-11 20:00:00.012,2025-06-11 20:00:00
MLNUSDT,5e-05,8.05,2025-06-12 00:00:00.002,2025-06-12 00:00:00
MLNUSDT,5e-05,7.98,2025-06-12 04:00:00.000,2025-06-12 04:00:00
MLNUSDT,5e-05,7.89346928,2025-06-12 08:00:00.003,2025-06-12 08:00:00
MLNUSDT,4.588e-05,7.87364973,2025-06-12 12:00:00.001,2025-06-12 12:00:00
MLNUSDT,5e-05,7.894,2025-06-12 16:00:00.001,2025-06-12 16:00:00
MLNUSDT,5e-05,7.74138492,2025-06-12 20:00:00.003,2025-06-12 20:00:00
MLNUSDT,5e-05,7.753,2025-06-13 00:00:00.000,2025-06-13 00:00:00
MLNUSDT,5e-05,7.629,2025-06-13 04:00:00.002,2025-06-13 04:00:00
MLNUSDT,5e-05,7.64232863,2025-06-13 08:00:00.001,2025-06-13 08:00:00
MLNUSDT,5e-05,7.69785127,2025-06-13 12:00:00.000,2025-06-13 12:00:00
MLNUSDT,-0.00019461,7.653,2025-06-13 16:00:00.004,2025-06-13 16:00:00
MLNUSDT,5e-05,7.65427171,2025-06-13 20:00:00.001,2025-06-13 20:00:00
MLNUSDT,5e-05,7.781,2025-06-14 00:00:00.000,2025-06-14 00:00:00
MLNUSDT,5e-05,7.68721918,2025-06-14 04:00:00.000,2025-06-14 04:00:00
MLNUSDT,5e-05,7.75564639,2025-06-14 08:00:00.000,2025-06-14 08:00:00
MLNUSDT,5e-05,7.81540733,2025-06-14 12:00:00.007,2025-06-14 12:00:00
MLNUSDT,5e-05,7.78557097,2025-06-14 16:00:00.000,2025-06-14 16:00:00
MLNUSDT,5e-05,7.61104179,2025-06-14 20:00:00.005,2025-06-14 20:00:00
MLNUSDT,5e-05,7.68189919,2025-06-15 00:00:00.005,2025-06-15 00:00:00
MLNUSDT,5e-05,7.738,2025-06-15 04:00:00.004,2025-06-15 04:00:00
MLNUSDT,5e-05,7.7,2025-06-15 08:00:00.009,2025-06-15 08:00:00
MLNUSDT,5e-05,7.72,2025-06-15 12:00:00.000,2025-06-15 12:00:00
MLNUSDT,5e-05,7.726,2025-06-15 16:00:00.000,2025-06-15 16:00:00
MLNUSDT,5e-05,7.68607477,2025-06-15 20:00:00.000,2025-06-15 20:00:00
MLNUSDT,5e-05,7.73782177,2025-06-16 00:00:00.000,2025-06-16 00:00:00
MLNUSDT,5e-05,7.77,2025-06-16 04:00:00.009,2025-06-16 04:00:00
MLNUSDT,5e-05,7.84,2025-06-16 08:00:00.000,2025-06-16 08:00:00
MLNUSDT,5e-05,7.88039363,2025-06-16 12:00:00.000,2025-06-16 12:00:00
MLNUSDT,5e-05,7.85759374,2025-06-16 16:00:00.003,2025-06-16 16:00:00
MLNUSDT,5e-05,7.865,2025-06-16 20:00:00.000,2025-06-16 20:00:00
MLNUSDT,5e-05,7.6,2025-06-17 00:00:00.000,2025-06-17 00:00:00
MLNUSDT,5e-05,7.726,2025-06-17 04:00:00.000,2025-06-17 04:00:00
MLNUSDT,-7.355e-05,7.651,2025-06-17 08:00:00.006,2025-06-17 08:00:00
MLNUSDT,5e-05,7.587,2025-06-17 12:00:00.001,2025-06-17 12:00:00
MLNUSDT,5e-05,7.539,2025-06-17 16:00:00.001,2025-06-17 16:00:00
MLNUSDT,5e-05,7.61449005,2025-06-17 20:00:00.000,2025-06-17 20:00:00
MLNUSDT,5e-05,7.59536022,2025-06-18 00:00:00.001,2025-06-18 00:00:00
MLNUSDT,5e-05,7.60270968,2025-06-18 04:00:00.001,2025-06-18 04:00:00
MLNUSDT,5e-05,7.59762448,2025-06-18 08:00:00.001,2025-06-18 08:00:00
MLNUSDT,5e-05,7.48559892,2025-06-18 12:00:00.003,2025-06-18 12:00:00
MLNUSDT,-4.005e-05,7.28226375,2025-06-18 16:00:00.001,2025-06-18 16:00:00
MLNUSDT,5e-05,7.214,2025-06-18 20:00:00.000,2025-06-18 20:00:00
MLNUSDT,5e-05,7.375,2025-06-19 00:00:00.005,2025-06-19 00:00:00
MLNUSDT,5e-05,7.44166963,2025-06-19 04:00:00.005,2025-06-19 04:00:00
MLNUSDT,5e-05,7.38,2025-06-19 08:00:00.003,2025-06-19 08:00:00
MLNUSDT,5e-05,7.48039819,2025-06-19 12:00:00.000,2025-06-19 12:00:00
MLNUSDT,5e-05,7.24120277,2025-06-19 16:00:00.000,2025-06-19 16:00:00
MLNUSDT,5e-05,7.29834227,2025-06-19 20:00:00.000,2025-06-19 20:00:00
MLNUSDT,5e-05,7.31435127,2025-06-20 00:00:00.000,2025-06-20 00:00:00
MLNUSDT,5e-05,7.38,2025-06-20 04:00:00.017,2025-06-20 04:00:00
MLNUSDT,5e-05,7.39115757,2025-06-20 08:00:00.002,2025-06-20 08:00:00
MLNUSDT,5e-05,7.42097111,2025-06-20 12:00:00.002,2025-06-20 12:00:00
MLNUSDT,5e-05,7.33,2025-06-20 16:00:00.001,2025-06-20 16:00:00
MLNUSDT,5e-05,7.2091379,2025-06-20 20:00:00.000,2025-06-20 20:00:00
MLNUSDT,5e-05,7.254,2025-06-21 00:00:00.002,2025-06-21 00:00:00
MLNUSDT,5e-05,7.28653226,2025-06-21 04:00:00.003,2025-06-21 04:00:00
MLNUSDT,5e-05,7.25455914,2025-06-21 08:00:00.005,2025-06-21 08:00:00
MLNUSDT,5e-05,7.23308548,2025-06-21 12:00:00.000,2025-06-21 12:00:00
MLNUSDT,5e-05,7.31899409,2025-06-21 16:00:00.000,2025-06-21 16:00:00
MLNUSDT,5e-05,7.09529506,2025-06-21 20:00:00.002,2025-06-21 20:00:00
MLNUSDT,5e-05,7.07,2025-06-22 00:00:00.005,2025-06-22 00:00:00
MLNUSDT,5e-05,7.069,2025-06-22 04:00:00.000,2025-06-22 04:00:00
MLNUSDT,5e-05,7.089,2025-06-22 08:00:00.000,2025-06-22 08:00:00
MLNUSDT,5e-05,6.99071989,2025-06-22 12:00:00.003,2025-06-22 12:00:00
MLNUSDT,5e-05,6.748,2025-06-22 16:00:00.003,2025-06-22 16:00:00
MLNUSDT,5e-05,6.64350837,2025-06-22 20:00:00.005,2025-06-22 20:00:00
MLNUSDT,5e-05,6.81548038,2025-06-23 00:00:00.000,2025-06-23 00:00:00
MLNUSDT,5e-05,6.941,2025-06-23 04:00:00.007,2025-06-23 04:00:00
MLNUSDT,5e-05,7.009,2025-06-23 08:00:00.004,2025-06-23 08:00:00
MLNUSDT,5e-05,6.938,2025-06-23 12:00:00.001,2025-06-23 12:00:00
MLNUSDT,5e-05,6.908,2025-06-23 16:00:00.013,2025-06-23 16:00:00
MLNUSDT,5e-05,7.018,2025-06-23 20:00:00.000,2025-06-23 20:00:00
MLNUSDT,5e-05,7.245,2025-06-24 00:00:00.003,2025-06-24 00:00:00
MLNUSDT,5e-05,7.213,2025-06-24 04:00:00.001,2025-06-24 04:00:00
MLNUSDT,5e-05,7.264,2025-06-24 08:00:00.000,2025-06-24 08:00:00
MLNUSDT,5e-05,7.343,2025-06-24 12:00:00.001,2025-06-24 12:00:00
MLNUSDT,5e-05,7.313,2025-06-24 16:00:00.000,2025-06-24 16:00:00
MLNUSDT,5e-05,7.209,2025-06-24 20:00:00.000,2025-06-24 20:00:00
MLNUSDT,5e-05,7.295,2025-06-25 00:00:00.005,2025-06-25 00:00:00
MLNUSDT,5e-05,7.197,2025-06-25 04:00:00.000,2025-06-25 04:00:00
MLNUSDT,5e-05,7.1326943,2025-06-25 08:00:00.000,2025-06-25 08:00:00
MLNUSDT,5e-05,7.09332095,2025-06-25 12:00:00.003,2025-06-25 12:00:00
MLNUSDT,5e-05,6.99663377,2025-06-25 16:00:00.005,2025-06-25 16:00:00
MLNUSDT,5e-05,7.018,2025-06-25 20:00:00.002,2025-06-25 20:00:00
MLNUSDT,5e-05,6.97,2025-06-26 00:00:00.000,2025-06-26 00:00:00
MLNUSDT,5e-05,6.969,2025-06-26 04:00:00.000,2025-06-26 04:00:00
MLNUSDT,5e-05,7.08117613,2025-06-26 08:00:00.006,2025-06-26 08:00:00
MLNUSDT,5e-05,7.05102379,2025-06-26 12:00:00.005,2025-06-26 12:00:00
MLNUSDT,5e-05,6.909,2025-06-26 16:00:00.007,2025-06-26 16:00:00
MLNUSDT,5e-05,6.9601086,2025-06-26 20:00:00.000,2025-06-26 20:00:00
MLNUSDT,5e-05,6.889,2025-06-27 00:00:00.000,2025-06-27 00:00:00
MLNUSDT,5e-05,6.97449731,2025-06-27 04:00:00.001,2025-06-27 04:00:00
MLNUSDT,5e-05,6.92397283,2025-06-27 08:00:00.000,2025-06-27 08:00:00
MLNUSDT,5e-05,6.96942903,2025-06-27 12:00:00.003,2025-06-27 12:00:00
MLNUSDT,5e-05,7.046,2025-06-27 16:00:00.009,2025-06-27 16:00:00
MLNUSDT,5e-05,6.98645571,2025-06-27 20:00:00.002,2025-06-27 20:00:00
MLNUSDT,5e-05,7.06475134,2025-06-28 00:00:00.001,2025-06-28 00:00:00
MLNUSDT,5e-05,6.95910108,2025-06-28 04:00:00.000,2025-06-28 04:00:00
MLNUSDT,5e-05,6.98165161,2025-06-28 08:00:00.002,2025-06-28 08:00:00
MLNUSDT,5e-05,6.977,2025-06-28 12:00:00.000,2025-06-28 12:00:00
MLNUSDT,5e-05,6.99456206,2025-06-28 16:00:00.000,2025-06-28 16:00:00
MLNUSDT,5e-05,7.02258495,2025-06-28 20:00:00.007,2025-06-28 20:00:00
MLNUSDT,5e-05,7.06367742,2025-06-29 00:00:00.004,2025-06-29 00:00:00
MLNUSDT,5e-05,7.07463787,2025-06-29 04:00:00.003,2025-06-29 04:00:00
MLNUSDT,5e-05,7.17408043,2025-06-29 08:00:00.001,2025-06-29 08:00:00
MLNUSDT,5e-05,7.094,2025-06-29 12:00:00.003,2025-06-29 12:00:00
MLNUSDT,5e-05,6.95213019,2025-06-29 16:00:00.001,2025-06-29 16:00:00
MLNUSDT,5e-05,7.029,2025-06-29 20:00:00.003,2025-06-29 20:00:00
MLNUSDT,5e-05,7.157,2025-06-30 00:00:00.000,2025-06-30 00:00:00
MLNUSDT,5e-05,7.09368683,2025-06-30 04:00:00.003,2025-06-30 04:00:00
MLNUSDT,5e-05,7.06159841,2025-06-30 08:00:00.005,2025-06-30 08:00:00
MLNUSDT,5e-05,7.011,2025-06-30 12:00:00.000,2025-06-30 12:00:00
MLNUSDT,5e-05,7.0052286,2025-06-30 16:00:00.002,2025-06-30 16:00:00
MLNUSDT,5e-05,7.07738522,2025-06-30 20:00:00.000,2025-06-30 20:00:00
MLNUSDT,5e-05,7.05426548,2025-07-01 00:00:00.007,2025-07-01 00:00:00
MLNUSDT,3.58e-06,6.92481537,2025-07-01 04:00:00.000,2025-07-01 04:00:00
MLNUSDT,5e-05,6.87388145,2025-07-01 08:00:00.002,2025-07-01 08:00:00
MLNUSDT,5e-05,6.83633889,2025-07-01 12:00:00.000,2025-07-01 12:00:00
MLNUSDT,5e-05,6.78,2025-07-01 16:00:00.000,2025-07-01 16:00:00
MLNUSDT,5e-05,6.742,2025-07-01 20:00:00.000,2025-07-01 20:00:00
MLNUSDT,5e-05,6.741,2025-07-02 00:00:00.001,2025-07-02 00:00:00
MLNUSDT,5e-05,6.806,2025-07-02 04:00:00.001,2025-07-02 04:00:00
MLNUSDT,5e-05,6.90713726,2025-07-02 08:00:00.000,2025-07-02 08:00:00
MLNUSDT,5e-05,6.94206893,2025-07-02 12:00:00.001,2025-07-02 12:00:00
MLNUSDT,5e-05,7.02970726,2025-07-02 16:00:00.003,2025-07-02 16:00:00
MLNUSDT,5e-05,7.12356103,2025-07-02 20:00:00.000,2025-07-02 20:00:00
MLNUSDT,5e-05,7.15255447,2025-07-03 00:00:00.006,2025-07-03 00:00:00
MLNUSDT,5e-05,7.114,2025-07-03 04:00:00.002,2025-07-03 04:00:00
MLNUSDT,5e-05,7.131,2025-07-03 08:00:00.003,2025-07-03 08:00:00
MLNUSDT,5e-05,7.15372482,2025-07-03 12:00:00.001,2025-07-03 12:00:00
MLNUSDT,5e-05,6.99478505,2025-07-03 16:00:00.003,2025-07-03 16:00:00
MLNUSDT,5e-05,7.076,2025-07-03 20:00:00.000,2025-07-03 20:00:00
MLNUSDT,5e-05,7.13116465,2025-07-04 00:00:00.005,2025-07-04 00:00:00
MLNUSDT,5e-05,7.015,2025-07-04 04:00:00.002,2025-07-04 04:00:00
MLNUSDT,5e-05,6.87400546,2025-07-04 08:00:00.003,2025-07-04 08:00:00
MLNUSDT,5e-05,6.91345161,2025-07-04 12:00:00.000,2025-07-04 12:00:00
MLNUSDT,5e-05,6.834,2025-07-04 16:00:00.001,2025-07-04 16:00:00
MLNUSDT,5e-05,6.78271733,2025-07-04 20:00:00.000,2025-07-04 20:00:00
MLNUSDT,-1.939e-05,6.77450215,2025-07-05 00:00:00.004,2025-07-05 00:00:00
MLNUSDT,5e-05,6.787,2025-07-05 04:00:00.005,2025-07-05 04:00:00
MLNUSDT,5e-05,6.821,2025-07-05 08:00:00.009,2025-07-05 08:00:00
MLNUSDT,5e-05,6.81,2025-07-05 12:00:00.000,2025-07-05 12:00:00
MLNUSDT,5e-05,6.96290261,2025-07-05 16:00:00.006,2025-07-05 16:00:00
MLNUSDT,4.592e-05,6.861,2025-07-05 20:00:00.000,2025-07-05 20:00:00
MLNUSDT,5e-05,6.82813364,2025-07-06 00:00:00.001,2025-07-06 00:00:00
MLNUSDT,5e-05,6.82879082,2025-07-06 04:00:00.000,2025-07-06 04:00:00
MLNUSDT,-0.00034061,6.726,2025-07-06 08:00:00.002,2025-07-06 08:00:00
MLNUSDT,5e-05,6.80423704,2025-07-06 12:00:00.001,2025-07-06 12:00:00
MLNUSDT,5e-05,6.86351489,2025-07-06 16:00:00.004,2025-07-06 16:00:00
MLNUSDT,5e-05,6.888,2025-07-06 20:00:00.006,2025-07-06 20:00:00
MLNUSDT,5e-05,7.046,2025-07-07 00:00:00.000,2025-07-07 00:00:00
MLNUSDT,5e-05,7.072,2025-07-07 04:00:00.000,2025-07-07 04:00:00
MLNUSDT,5e-05,7.13543097,2025-07-07 08:00:00.007,2025-07-07 08:00:00
MLNUSDT,5e-05,7.2469045,2025-07-07 12:00:00.000,2025-07-07 12:00:00
MLNUSDT,5e-05,7.30038364,2025-07-07 16:00:00.000,2025-07-07 16:00:00
MLNUSDT,5e-05,7.387,2025-07-07 20:00:00.013,2025-07-07 20:00:00
MLNUSDT,5e-05,7.22,2025-07-08 00:00:00.010,2025-07-08 00:00:00
MLNUSDT,5e-05,7.23298635,2025-07-08 04:00:00.000,2025-07-08 04:00:00
MLNUSDT,5e-05,7.146,2025-07-08 08:00:00.003,2025-07-08 08:00:00
MLNUSDT,5e-05,7.128,2025-07-08 12:00:00.004,2025-07-08 12:00:00
MLNUSDT,5e-05,7.008,2025-07-08 16:00:00.000,2025-07-08 16:00:00
MLNUSDT,5e-05,7.099,2025-07-08 20:00:00.002,2025-07-08 20:00:00
MLNUSDT,5e-05,7.183,2025-07-09 00:00:00.002,2025-07-09 00:00:00
MLNUSDT,5e-05,7.04863114,2025-07-09 04:00:00.010,2025-07-09 04:00:00
MLNUSDT,5e-05,7.18238976,2025-07-09 08:00:00.006,2025-07-09 08:00:00
MLNUSDT,5e-05,7.23743136,2025-07-09 12:00:00.000,2025-07-09 12:00:00
MLNUSDT,5e-05,7.18586031,2025-07-09 16:00:00.001,2025-07-09 16:00:00
MLNUSDT,5e-05,7.29308267,2025-07-09 20:00:00.007,2025-07-09 20:00:00
MLNUSDT,5e-05,7.314,2025-07-10 00:00:00.003,2025-07-10 00:00:00
MLNUSDT,5e-05,7.305,2025-07-10 04:00:00.001,2025-07-10 04:00:00
MLNUSDT,5e-05,7.32851693,2025-07-10 08:00:00.000,2025-07-10 08:00:00
MLNUSDT,5e-05,7.34021223,2025-07-10 12:00:00.001,2025-07-10 12:00:00
MLNUSDT,5e-05,7.218,2025-07-10 16:00:00.004,2025-07-10 16:00:00
MLNUSDT,5e-05,7.40080644,2025-07-10 20:00:00.000,2025-07-10 20:00:00
MLNUSDT,5e-05,7.621,2025-07-11 00:00:00.004,2025-07-11 00:00:00
MLNUSDT,5e-05,7.778,2025-07-11 04:00:00.001,2025-07-11 04:00:00
MLNUSDT,5e-05,7.681,2025-07-11 08:00:00.007,2025-07-11 08:00:00
MLNUSDT,5e-05,7.78884097,2025-07-11 12:00:00.000,2025-07-11 12:00:00
MLNUSDT,5e-05,7.95396299,2025-07-11 16:00:00.001,2025-07-11 16:00:00
MLNUSDT,5e-05,8.021,2025-07-11 20:00:00.006,2025-07-11 20:00:00
MLNUSDT,5e-05,7.83888569,2025-07-12 00:00:00.000,2025-07-12 00:00:00
MLNUSDT,5e-05,7.87,2025-07-12 04:00:00.005,2025-07-12 04:00:00
MLNUSDT,-0.00050887,8.32447209,2025-07-12 08:00:00.001,2025-07-12 08:00:00
MLNUSDT,5e-05,8.24341001,2025-07-12 12:00:00.007,2025-07-12 12:00:00
MLNUSDT,5e-05,7.77,2025-07-12 16:00:00.002,2025-07-12 16:00:00
MLNUSDT,5e-05,7.74221589,2025-07-12 20:00:00.003,2025-07-12 20:00:00
MLNUSDT,5e-05,7.746,2025-07-13 00:00:00.006,2025-07-13 00:00:00
MLNUSDT,5e-05,7.614,2025-07-13 04:00:00.001,2025-07-13 04:00:00
MLNUSDT,5e-05,7.75815005,2025-07-13 08:00:00.001,2025-07-13 08:00:00
MLNUSDT,4.191e-05,7.99094296,2025-07-13 12:00:00.003,2025-07-13 12:00:00
MLNUSDT,5e-05,7.846,2025-07-13 16:00:00.003,2025-07-13 16:00:00
MLNUSDT,5e-05,7.93626176,2025-07-13 20:00:00.008,2025-07-13 20:00:00
MLNUSDT,5e-05,7.855,2025-07-14 00:00:00.000,2025-07-14 00:00:00
MLNUSDT,5e-05,8.01062853,2025-07-14 04:00:00.000,2025-07-14 04:00:00
MLNUSDT,5e-05,7.97002494,2025-07-14 08:00:00.000,2025-07-14 08:00:00
MLNUSDT,5e-05,7.91737245,2025-07-14 12:00:00.001,2025-07-14 12:00:00
MLNUSDT,5e-05,7.84607809,2025-07-14 16:00:00.000,2025-07-14 16:00:00
MLNUSDT,5e-05,7.75055943,2025-07-14 20:00:00.003,2025-07-14 20:00:00
MLNUSDT,5e-05,7.93584033,2025-07-15 00:00:00.002,2025-07-15 00:00:00
MLNUSDT,5e-05,7.69354092,2025-07-15 04:00:00.008,2025-07-15 04:00:00
MLNUSDT,5e-05,7.815,2025-07-15 08:00:00.000,2025-07-15 08:00:00
MLNUSDT,-8.118e-05,7.812,2025-07-15 12:00:00.000,2025-07-15 12:00:00
MLNUSDT,5e-05,7.85759491,2025-07-15 16:00:00.000,2025-07-15 16:00:00
MLNUSDT,5e-05,7.782,2025-07-15 20:00:00.005,2025-07-15 20:00:00
MLNUSDT,5e-05,7.999,2025-07-16 00:00:00.000,2025-07-16 00:00:00
MLNUSDT,5e-05,7.92811358,2025-07-16 04:00:00.000,2025-07-16 04:00:00
MLNUSDT,5e-05,8.018,2025-07-16 08:00:00.000,2025-07-16 08:00:00
MLNUSDT,5e-05,7.90053575,2025-07-16 12:00:00.005,2025-07-16 12:00:00
MLNUSDT,5e-05,7.86750507,2025-07-16 16:00:00.008,2025-07-16 16:00:00
MLNUSDT,5e-05,7.92403302,2025-07-16 20:00:00.000,2025-07-16 20:00:00
MLNUSDT,5e-05,7.90579005,2025-07-17 00:00:00.003,2025-07-17 00:00:00
MLNUSDT,5e-05,7.857,2025-07-17 04:00:00.000,2025-07-17 04:00:00
MLNUSDT,5e-05,7.92250242,2025-07-17 08:00:00.000,2025-07-17 08:00:00
MLNUSDT,5e-05,7.899,2025-07-17 12:00:00.000,2025-07-17 12:00:00
MLNUSDT,5e-05,7.88852299,2025-07-17 16:00:00.000,2025-07-17 16:00:00
MLNUSDT,5e-05,7.7574599,2025-07-17 20:00:00.000,2025-07-17 20:00:00
MLNUSDT,5e-05,7.90643316,2025-07-18 00:00:00.004,2025-07-18 00:00:00
MLNUSDT,5e-05,7.98696572,2025-07-18 04:00:00.000,2025-07-18 04:00:00
MLNUSDT,5e-05,8.00791269,2025-07-18 08:00:00.000,2025-07-18 08:00:00
MLNUSDT,5e-05,7.96658049,2025-07-18 12:00:00.000,2025-07-18 12:00:00
MLNUSDT,5e-05,7.77730959,2025-07-18 16:00:00.000,2025-07-18 16:00:00
MLNUSDT,5e-05,7.82053683,2025-07-18 20:00:00.010,2025-07-18 20:00:00
MLNUSDT,5e-05,7.878,2025-07-19 00:00:00.009,2025-07-19 00:00:00
MLNUSDT,5e-05,8.22066422,2025-07-19 04:00:00.000,2025-07-19 04:00:00
MLNUSDT,5e-05,8.196,2025-07-19 08:00:00.000,2025-07-19 08:00:00
MLNUSDT,5e-05,8.07676623,2025-07-19 12:00:00.000,2025-07-19 12:00:00
MLNUSDT,5e-05,8.24146523,2025-07-19 16:00:00.002,2025-07-19 16:00:00
MLNUSDT,5e-05,8.226,2025-07-19 20:00:00.002,2025-07-19 20:00:00
MLNUSDT,5e-05,8.223,2025-07-20 00:00:00.000,2025-07-20 00:00:00
MLNUSDT,5e-05,8.238,2025-07-20 04:00:00.007,2025-07-20 04:00:00
MLNUSDT,5e-05,8.31624461,2025-07-20 08:00:00.000,2025-07-20 08:00:00
MLNUSDT,5e-05,8.41465533,2025-07-20 12:00:00.003,2025-07-20 12:00:00
MLNUSDT,5e-05,8.45664449,2025-07-20 16:00:00.000,2025-07-20 16:00:00
MLNUSDT,5e-05,8.42596575,2025-07-20 20:00:00.013,2025-07-20 20:00:00
MLNUSDT,5e-05,8.42807293,2025-07-21 00:00:00.001,2025-07-21 00:00:00
MLNUSDT,5e-05,8.524,2025-07-21 04:00:00.001,2025-07-21 04:00:00
MLNUSDT,5e-05,8.48755333,2025-07-21 08:00:00.000,2025-07-21 08:00:00
MLNUSDT,5e-05,8.51640448,2025-07-21 12:00:00.001,2025-07-21 12:00:00
MLNUSDT,5e-05,8.501,2025-07-21 16:00:00.001,2025-07-21 16:00:00
MLNUSDT,5e-05,8.30600934,2025-07-21 20:00:00.003,2025-07-21 20:00:00
MLNUSDT,5e-05,8.417,2025-07-22 00:00:00.000,2025-07-22 00:00:00
MLNUSDT,5e-05,8.21132327,2025-07-22 04:00:00.001,2025-07-22 04:00:00
MLNUSDT,5e-05,8.14120924,2025-07-22 08:00:00.010,2025-07-22 08:00:00
MLNUSDT,5e-05,8.224,2025-07-22 12:00:00.001,2025-07-22 12:00:00
MLNUSDT,5e-05,8.29458472,2025-07-22 16:00:00.007,2025-07-22 16:00:00
MLNUSDT,5e-05,8.2617791,2025-07-22 20:00:00.001,2025-07-22 20:00:00
MLNUSDT,5e-05,8.49766097,2025-07-23 00:00:00.000,2025-07-23 00:00:00
MLNUSDT,5e-05,8.66955909,2025-07-23 04:00:00.010,2025-07-23 04:00:00
MLNUSDT,5e-05,8.491,2025-07-23 08:00:00.004,2025-07-23 08:00:00
MLNUSDT,5e-05,8.44635484,2025-07-23 12:00:00.002,2025-07-23 12:00:00
MLNUSDT,5e-05,8.181,2025-07-23 16:00:00.002,2025-07-23 16:00:00
MLNUSDT,5e-05,8.03415877,2025-07-23 20:00:00.005,2025-07-23 20:00:00
MLNUSDT,5e-05,7.96321452,2025-07-24 00:00:00.000,2025-07-24 00:00:00
MLNUSDT,5e-05,7.987,2025-07-24 04:00:00.001,2025-07-24 04:00:00
MLNUSDT,5e-05,7.68564553,2025-07-24 08:00:00.001,2025-07-24 08:00:00
MLNUSDT,5e-05,7.863,2025-07-24 12:00:00.000,2025-07-24 12:00:00
MLNUSDT,5e-05,7.97494483,2025-07-24 16:00:00.000,2025-07-24 16:00:00
MLNUSDT,5e-05,7.947,2025-07-24 20:00:00.001,2025-07-24 20:00:00
MLNUSDT,5e-05,8.045,2025-07-25 00:00:00.000,2025-07-25 00:00:00
MLNUSDT,5e-05,7.954,2025-07-25 04:00:00.001,2025-07-25 04:00:00
MLNUSDT,5e-05,8.002,2025-07-25 08:00:00.000,2025-07-25 08:00:00
MLNUSDT,5e-05,8.12287828,2025-07-25 12:00:00.000,2025-07-25 12:00:00
MLNUSDT,5e-05,7.989,2025-07-25 16:00:00.000,2025-07-25 16:00:00
MLNUSDT,5e-05,8.21673419,2025-07-25 20:00:00.000,2025-07-25 20:00:00
MLNUSDT,5e-05,8.25610188,2025-07-26 00:00:00.001,2025-07-26 00:00:00
MLNUSDT,5e-05,8.3253465,2025-07-26 04:00:00.001,2025-07-26 04:00:00
MLNUSDT,5e-05,8.29,2025-07-26 08:00:00.005,2025-07-26 08:00:00
MLNUSDT,5e-05,8.401,2025-07-26 12:00:00.004,2025-07-26 12:00:00
MLNUSDT,5e-05,8.34950795,2025-07-26 16:00:00.001,2025-07-26 16:00:00
MLNUSDT,5e-05,8.317,2025-07-26 20:00:00.000,2025-07-26 20:00:00
MLNUSDT,5e-05,8.22752231,2025-07-27 00:00:00.001,2025-07-27 00:00:00
MLNUSDT,5e-05,8.322,2025-07-27 04:00:00.000,2025-07-27 04:00:00
MLNUSDT,5e-05,8.368,2025-07-27 08:00:00.000,2025-07-27 08:00:00
MLNUSDT,5e-05,8.31435435,2025-07-27 12:00:00.000,2025-07-27 12:00:00
MLNUSDT,5e-05,8.492,2025-07-27 16:00:00.008,2025-07-27 16:00:00
MLNUSDT,5e-05,8.52239623,2025-07-27 20:00:00.002,2025-07-27 20:00:00
MLNUSDT,5e-05,8.578,2025-07-28 00:00:00.005,2025-07-28 00:00:00
MLNUSDT,5e-05,8.68877419,2025-07-28 04:00:00.001,2025-07-28 04:00:00
MLNUSDT,5e-05,8.699,2025-07-28 08:00:00.000,2025-07-28 08:00:00
MLNUSDT,5e-05,8.60357723,2025-07-28 12:00:00.000,2025-07-28 12:00:00
MLNUSDT,5e-05,8.31626694,2025-07-28 16:00:00.000,2025-07-28 16:00:00
MLNUSDT,5e-05,8.154,2025-07-28 20:00:00.005,2025-07-28 20:00:00
MLNUSDT,5e-05,8.18107264,2025-07-29 00:00:00.001,2025-07-29 00:00:00
MLNUSDT,5e-05,8.14636507,2025-07-29 04:00:00.001,2025-07-29 04:00:00
MLNUSDT,5e-05,8.3974025,2025-07-29 08:00:00.000,2025-07-29 08:00:00
MLNUSDT,5e-05,8.23516494,2025-07-29 12:00:00.001,2025-07-29 12:00:00
MLNUSDT,5e-05,8.075,2025-07-29 16:00:00.000,2025-07-29 16:00:00
MLNUSDT,5e-05,8.0536449,2025-07-29 20:00:00.000,2025-07-29 20:00:00
MLNUSDT,5e-05,8.101,2025-07-30 00:00:00.011,2025-07-30 00:00:00
MLNUSDT,5e-05,8.048,2025-07-30 04:00:00.000,2025-07-30 04:00:00
MLNUSDT,5e-05,8.02525061,2025-07-30 08:00:00.000,2025-07-30 08:00:00
MLNUSDT,5e-05,7.83854086,2025-07-30 12:00:00.003,2025-07-30 12:00:00
MLNUSDT,5e-05,8.022,2025-07-30 16:00:00.008,2025-07-30 16:00:00
MLNUSDT,5e-05,8.01536721,2025-07-30 20:00:00.000,2025-07-30 20:00:00
MLNUSDT,5e-05,8.049,2025-07-31 00:00:00.000,2025-07-31 00:00:00
MLNUSDT,5e-05,8.13,2025-07-31 04:00:00.010,2025-07-31 04:00:00
MLNUSDT,5e-05,8.097,2025-07-31 08:00:00.009,2025-07-31 08:00:00
MLNUSDT,5e-05,8.0,2025-07-31 12:00:00.003,2025-07-31 12:00:00
MLNUSDT,5e-05,7.83870023,2025-07-31 16:00:00.000,2025-07-31 16:00:00
MLNUSDT,5e-05,7.79975582,2025-07-31 20:00:00.000,2025-07-31 20:00:00
MLNUSDT,5e-05,7.633,2025-08-01 00:00:00.001,2025-08-01 00:00:00
MLNUSDT,5e-05,7.74709845,2025-08-01 04:00:00.000,2025-08-01 04:00:00
MLNUSDT,5e-05,7.628,2025-08-01 08:00:00.003,2025-08-01 08:00:00
MLNUSDT,5e-05,7.54720951,2025-08-01 12:00:00.001,2025-08-01 12:00:00
MLNUSDT,5e-05,7.589,2025-08-01 16:00:00.000,2025-08-01 16:00:00
MLNUSDT,5e-05,7.53756448,2025-08-01 20:00:00.004,2025-08-01 20:00:00
MLNUSDT,5e-05,7.4569616,2025-08-02 00:00:00.004,2025-08-02 00:00:00
MLNUSDT,5e-05,7.465,2025-08-02 04:00:00.000,2025-08-02 04:00:00
MLNUSDT,5e-05,7.452,2025-08-02 08:00:00.000,2025-08-02 08:00:00
MLNUSDT,5e-05,7.35614043,2025-08-02 12:00:00.005,2025-08-02 12:00:00
MLNUSDT,5e-05,7.25051743,2025-08-02 16:00:00.000,2025-08-02 16:00:00
MLNUSDT,5e-05,7.23169298,2025-08-02 20:00:00.001,2025-08-02 20:00:00
MLNUSDT,5e-05,7.33222919,2025-08-03 00:00:00.000,2025-08-03 00:00:00
MLNUSDT,5e-05,7.4187251,2025-08-03 04:00:00.000,2025-08-03 04:00:00
MLNUSDT,5e-05,7.46,2025-08-03 08:00:00.000,2025-08-03 08:00:00
MLNUSDT,5e-05,7.477,2025-08-03 12:00:00.001,2025-08-03 12:00:00
MLNUSDT,5e-05,7.43344758,2025-08-03 16:00:00.003,2025-08-03 16:00:00
MLNUSDT,5e-05,7.45,2025-08-03 20:00:00.002,2025-08-03 20:00:00
MLNUSDT,5e-05,7.44884381,2025-08-04 00:00:00.004,2025-08-04 00:00:00
MLNUSDT,5e-05,7.571,2025-08-04 04:00:00.000,2025-08-04 04:00:00
MLNUSDT,5e-05,7.691,2025-08-04 08:00:00.000,2025-08-04 08:00:00
MLNUSDT,5e-05,7.54395856,2025-08-04 12:00:00.006,2025-08-04 12:00:00
MLNUSDT,5e-05,7.61247389,2025-08-04 16:00:00.002,2025-08-04 16:00:00
MLNUSDT,5e-05,7.63583028,2025-08-04 20:00:00.007,2025-08-04 20:00:00
MLNUSDT,5e-05,7.6981371,2025-08-05 00:00:00.000,2025-08-05 00:00:00
MLNUSDT,5e-05,7.587,2025-08-05 04:00:00.000,2025-08-05 04:00:00
MLNUSDT,5e-05,7.51,2025-08-05 08:00:00.000,2025-08-05 08:00:00
MLNUSDT,5e-05,7.676,2025-08-05 12:00:00.004,2025-08-05 12:00:00
MLNUSDT,5e-05,7.41,2025-08-05 16:00:00.000,2025-08-05 16:00:00
MLNUSDT,5e-05,7.391,2025-08-05 20:00:00.003,2025-08-05 20:00:00
MLNUSDT,5e-05,7.462,2025-08-06 00:00:00.005,2025-08-06 00:00:00
MLNUSDT,5e-05,7.381,2025-08-06 04:00:00.000,2025-08-06 04:00:00
MLNUSDT,5e-05,7.46471429,2025-08-06 08:00:00.000,2025-08-06 08:00:00
MLNUSDT,5e-05,7.46874441,2025-08-06 12:00:00.000,2025-08-06 12:00:00
MLNUSDT,5e-05,7.54318886,2025-08-06 16:00:00.000,2025-08-06 16:00:00
MLNUSDT,5e-05,7.51,2025-08-06 20:00:00.000,2025-08-06 20:00:00
MLNUSDT,5e-05,7.46488392,2025-08-07 00:00:00.003,2025-08-07 00:00:00
MLNUSDT,5e-05,7.5,2025-08-07 04:00:00.004,2025-08-07 04:00:00
MLNUSDT,5e-05,7.463,2025-08-07 08:00:00.002,2025-08-07 08:00:00
MLNUSDT,5e-05,7.672,2025-08-07 12:00:00.001,2025-08-07 12:00:00
MLNUSDT,5e-05,7.76979309,2025-08-07 16:00:00.002,2025-08-07 16:00:00
MLNUSDT,5e-05,7.798,2025-08-07 20:00:00.001,2025-08-07 20:00:00
MLNUSDT,5e-05,7.85772862,2025-08-08 00:00:00.002,2025-08-08 00:00:00
MLNUSDT,5e-05,7.85342391,2025-08-08 04:00:00.010,2025-08-08 04:00:00
MLNUSDT,5e-05,7.881,2025-08-08 08:00:00.004,2025-08-08 08:00:00
MLNUSDT,5e-05,8.06725655,2025-08-08 12:00:00.003,2025-08-08 12:00:00
MLNUSDT,5e-05,8.02116869,2025-08-08 16:00:00.000,2025-08-08 16:00:00
MLNUSDT,5e-05,8.16854541,2025-08-08 20:00:00.004,2025-08-08 20:00:00
MLNUSDT,5e-05,8.184,2025-08-09 00:00:00.005,2025-08-09 00:00:00
MLNUSDT,5e-05,8.23408211,2025-08-09 04:00:00.015,2025-08-09 04:00:00
MLNUSDT,5e-05,8.37353526,2025-08-09 08:00:00.000,2025-08-09 08:00:00
MLNUSDT,5e-05,8.3697086,2025-08-09 12:00:00.003,2025-08-09 12:00:00
MLNUSDT,5e-05,8.36197672,2025-08-09 16:00:00.007,2025-08-09 16:00:00
MLNUSDT,5e-05,8.45406595,2025-08-09 20:00:00.000,2025-08-09 20:00:00
MLNUSDT,5e-05,8.6293191,2025-08-10 00:00:00.003,2025-08-10 00:00:00
MLNUSDT,5e-05,8.50998093,2025-08-10 04:00:00.006,2025-08-10 04:00:00
MLNUSDT,5e-05,8.21845614,2025-08-10 08:00:00.005,2025-08-10 08:00:00
MLNUSDT,5e-05,8.11,2025-08-10 12:00:00.006,2025-08-10 12:00:00
MLNUSDT,5e-05,8.31352105,2025-08-10 16:00:00.002,2025-08-10 16:00:00
MLNUSDT,5e-05,8.36726303,2025-08-10 20:00:00.000,2025-08-10 20:00:00
MLNUSDT,5e-05,8.38803767,2025-08-11 00:00:00.000,2025-08-11 00:00:00
MLNUSDT,5e-05,8.73460816,2025-08-11 04:00:00.000,2025-08-11 04:00:00
MLNUSDT,5e-05,8.75299747,2025-08-11 08:00:00.000,2025-08-11 08:00:00
MLNUSDT,5e-05,9.16262078,2025-08-11 12:00:00.000,2025-08-11 12:00:00
MLNUSDT,-3.936e-05,9.35204165,2025-08-11 16:00:00.000,2025-08-11 16:00:00
MLNUSDT,5e-05,8.68020765,2025-08-11 20:00:00.000,2025-08-11 20:00:00
MLNUSDT,5e-05,8.206,2025-08-12 00:00:00.000,2025-08-12 00:00:00
MLNUSDT,5e-05,8.222,2025-08-12 04:00:00.001,2025-08-12 04:00:00
MLNUSDT,5e-05,8.27355855,2025-08-12 08:00:00.001,2025-08-12 08:00:00
MLNUSDT,5e-05,8.22363082,2025-08-12 12:00:00.000,2025-08-12 12:00:00
MLNUSDT,5e-05,8.51048424,2025-08-12 16:00:00.005,2025-08-12 16:00:00
MLNUSDT,5e-05,9.49952657,2025-08-12 20:00:00.000,2025-08-12 20:00:00
MLNUSDT,5e-05,9.86933229,2025-08-13 00:00:00.000,2025-08-13 00:00:00
MLNUSDT,5e-05,9.4768429,2025-08-13 04:00:00.000,2025-08-13 04:00:00
MLNUSDT,5e-05,9.71733088,2025-08-13 08:00:00.002,2025-08-13 08:00:00
MLNUSDT,5e-05,9.59721907,2025-08-13 12:00:00.000,2025-08-13 12:00:00
MLNUSDT,5e-05,9.3144374,2025-08-13 16:00:00.006,2025-08-13 16:00:00
MLNUSDT,5e-05,9.33873795,2025-08-13 20:00:00.001,2025-08-13 20:00:00
MLNUSDT,5e-05,9.38353541,2025-08-14 00:00:00.002,2025-08-14 00:00:00
MLNUSDT,5e-05,9.3564446,2025-08-14 04:00:00.009,2025-08-14 04:00:00
MLNUSDT,5e-05,9.243,2025-08-14 08:00:00.003,2025-08-14 08:00:00
MLNUSDT,5e-05,9.063,2025-08-14 12:00:00.001,2025-08-14 12:00:00
MLNUSDT,5e-05,8.517,2025-08-14 16:00:00.000,2025-08-14 16:00:00
MLNUSDT,5e-05,8.513,2025-08-14 20:00:00.002,2025-08-14 20:00:00
MLNUSDT,5e-05,8.505,2025-08-15 00:00:00.000,2025-08-15 00:00:00
MLNUSDT,5e-05,8.60320107,2025-08-15 04:00:00.000,2025-08-15 04:00:00
MLNUSDT,5e-05,8.85631461,2025-08-15 08:00:00.000,2025-08-15 08:00:00
MLNUSDT,5e-05,9.229,2025-08-15 12:00:00.001,2025-08-15 12:00:00
MLNUSDT,5e-05,8.63535801,2025-08-15 16:00:00.000,2025-08-15 16:00:00
MLNUSDT,5e-05,8.694,2025-08-15 20:00:00.007,2025-08-15 20:00:00
MLNUSDT,5e-05,8.83392279,2025-08-16 00:00:00.004,2025-08-16 00:00:00
MLNUSDT,5e-05,8.76025137,2025-08-16 04:00:00.000,2025-08-16 04:00:00
MLNUSDT,5e-05,9.061,2025-08-16 08:00:00.000,2025-08-16 08:00:00
MLNUSDT,5e-05,9.027,2025-08-16 12:00:00.004,2025-08-16 12:00:00
MLNUSDT,5e-05,9.09955899,2025-08-16 16:00:00.002,2025-08-16 16:00:00
MLNUSDT,5e-05,9.10789862,2025-08-16 20:00:00.006,2025-08-16 20:00:00
MLNUSDT,5e-05,9.09789301,2025-08-17 00:00:00.000,2025-08-17 00:00:00
MLNUSDT,5e-05,9.48886596,2025-08-17 04:00:00.000,2025-08-17 04:00:00
MLNUSDT,5e-05,9.456,2025-08-17 08:00:00.001,2025-08-17 08:00:00
MLNUSDT,5e-05,9.347,2025-08-17 12:00:00.002,2025-08-17 12:00:00
MLNUSDT,5e-05,9.30088023,2025-08-17 16:00:00.007,2025-08-17 16:00:00
MLNUSDT,5e-05,8.89066129,2025-08-17 20:00:00.001,2025-08-17 20:00:00
MLNUSDT,5e-05,8.88022946,2025-08-18 00:00:00.000,2025-08-18 00:00:00
MLNUSDT,5e-05,8.59550228,2025-08-18 04:00:00.010,2025-08-18 04:00:00
MLNUSDT,5e-05,8.54080635,2025-08-18 08:00:00.001,2025-08-18 08:00:00
MLNUSDT,5e-05,8.646,2025-08-18 12:00:00.002,2025-08-18 12:00:00
MLNUSDT,5e-05,8.686,2025-08-18 16:00:00.002,2025-08-18 16:00:00
MLNUSDT,5e-05,8.634,2025-08-18 20:00:00.007,2025-08-18 20:00:00
MLNUSDT,5e-05,8.679,2025-08-19 00:00:00.000,2025-08-19 00:00:00
MLNUSDT,5e-05,8.499,2025-08-19 04:00:00.000,2025-08-19 04:00:00
MLNUSDT,5e-05,8.5907676,2025-08-19 08:00:00.001,2025-08-19 08:00:00
MLNUSDT,5e-05,8.81342449,2025-08-19 12:00:00.001,2025-08-19 12:00:00
MLNUSDT,5e-05,8.90502916,2025-08-19 16:00:00.000,2025-08-19 16:00:00
MLNUSDT,5e-05,8.83222957,2025-08-19 20:00:00.000,2025-08-19 20:00:00
MLNUSDT,5e-05,8.76035623,2025-08-20 00:00:00.000,2025-08-20 00:00:00
MLNUSDT,5e-05,8.909,2025-08-20 04:00:00.000,2025-08-20 04:00:00
MLNUSDT,5e-05,9.21656104,2025-08-20 08:00:00.000,2025-08-20 08:00:00
MLNUSDT,5e-05,8.843,2025-08-20 12:00:00.002,2025-08-20 12:00:00
MLNUSDT,5e-05,8.84819363,2025-08-20 16:00:00.000,2025-08-20 16:00:00
MLNUSDT,5e-05,8.895,2025-08-20 20:00:00.001,2025-08-20 20:00:00
MLNUSDT,5e-05,8.84326932,2025-08-21 00:00:00.006,2025-08-21 00:00:00
MLNUSDT,5e-05,8.724,2025-08-21 04:00:00.003,2025-08-21 04:00:00
MLNUSDT,5e-05,8.67096396,2025-08-21 08:00:00.000,2025-08-21 08:00:00
MLNUSDT,5e-05,8.61480141,2025-08-21 12:00:00.009,2025-08-21 12:00:00
MLNUSDT,5e-05,8.424,2025-08-21 16:00:00.003,2025-08-21 16:00:00
MLNUSDT,5e-05,8.418,2025-08-21 20:00:00.000,2025-08-21 20:00:00
MLNUSDT,5e-05,8.41188787,2025-08-22 00:00:00.010,2025-08-22 00:00:00
MLNUSDT,5e-05,8.66651345,2025-08-22 04:00:00.003,2025-08-22 04:00:00
MLNUSDT,5e-05,8.70233233,2025-08-22 08:00:00.007,2025-08-22 08:00:00
MLNUSDT,-4.562e-05,8.556,2025-08-22 12:00:00.001,2025-08-22 12:00:00
MLNUSDT,5e-05,8.87495477,2025-08-22 16:00:00.001,2025-08-22 16:00:00
MLNUSDT,5e-05,9.00139635,2025-08-22 20:00:00.004,2025-08-22 20:00:00
MLNUSDT,5e-05,8.98184749,2025-08-23 00:00:00.004,2025-08-23 00:00:00
MLNUSDT,5e-05,8.773,2025-08-23 04:00:00.000,2025-08-23 04:00:00
MLNUSDT,5e-05,8.851,2025-08-23 08:00:00.006,2025-08-23 08:00:00
MLNUSDT,5e-05,8.86,2025-08-23 12:00:00.000,2025-08-23 12:00:00
MLNUSDT,5e-05,8.76187097,2025-08-23 16:00:00.000,2025-08-23 16:00:00
MLNUSDT,5e-05,8.88433668,2025-08-23 20:00:00.005,2025-08-23 20:00:00
MLNUSDT,5e-05,8.821,2025-08-24 00:00:00.001,2025-08-24 00:00:00
MLNUSDT,5e-05,8.701,2025-08-24 04:00:00.000,2025-08-24 04:00:00
MLNUSDT,5e-05,8.548,2025-08-24 08:00:00.002,2025-08-24 08:00:00
MLNUSDT,5e-05,8.61463522,2025-08-24 12:00:00.003,2025-08-24 12:00:00
MLNUSDT,5e-05,8.66045161,2025-08-24 16:00:00.001,2025-08-24 16:00:00
MLNUSDT,5e-05,8.696,2025-08-24 20:00:00.008,2025-08-24 20:00:00
MLNUSDT,5e-05,8.75191319,2025-08-25 00:00:00.000,2025-08-25 00:00:00
MLNUSDT,5e-05,8.78438426,2025-08-25 04:00:00.001,2025-08-25 04:00:00
MLNUSDT,5e-05,8.4938017,2025-08-25 08:00:00.002,2025-08-25 08:00:00
MLNUSDT,5e-05,8.33319864,2025-08-25 12:00:00.000,2025-08-25 12:00:00
MLNUSDT,5e-05,8.32383151,2025-08-25 16:00:00.002,2025-08-25 16:00:00
MLNUSDT,5e-05,8.08816334,2025-08-25 20:00:00.003,2025-08-25 20:00:00
MLNUSDT,5e-05,7.96153909,2025-08-26 00:00:00.000,2025-08-26 00:00:00
MLNUSDT,5e-05,8.07,2025-08-26 04:00:00.007,2025-08-26 04:00:00
MLNUSDT,5e-05,8.133,2025-08-26 08:00:00.000,2025-08-26 08:00:00
MLNUSDT,5e-05,8.06070732,2025-08-26 12:00:00.001,2025-08-26 12:00:00
MLNUSDT,5e-05,8.15862031,2025-08-26 16:00:00.000,2025-08-26 16:00:00
MLNUSDT,5e-05,8.28586805,2025-08-26 20:00:00.000,2025-08-26 20:00:00
MLNUSDT,5e-05,8.32702904,2025-08-27 00:00:00.003,2025-08-27 00:00:00
MLNUSDT,5e-05,8.43137014,2025-08-27 04:00:00.000,2025-08-27 04:00:00
MLNUSDT,5e-05,8.43349565,2025-08-27 08:00:00.000,2025-08-27 08:00:00
MLNUSDT,5e-05,8.567,2025-08-27 12:00:00.003,2025-08-27 12:00:00
MLNUSDT,5e-05,8.541,2025-08-27 16:00:00.009,2025-08-27 16:00:00
MLNUSDT,5e-05,8.97433994,2025-08-27 20:00:00.001,2025-08-27 20:00:00
MLNUSDT,5e-05,9.047,2025-08-28 00:00:00.000,2025-08-28 00:00:00
MLNUSDT,5e-05,8.866,2025-08-28 04:00:00.000,2025-08-28 04:00:00
MLNUSDT,5e-05,8.71954981,2025-08-28 08:00:00.005,2025-08-28 08:00:00
MLNUSDT,5e-05,8.68985613,2025-08-28 12:00:00.000,2025-08-28 12:00:00
MLNUSDT,5e-05,8.52657822,2025-08-28 16:00:00.004,2025-08-28 16:00:00
MLNUSDT,5e-05,8.40789836,2025-08-28 20:00:00.003,2025-08-28 20:00:00
MLNUSDT,5e-05,8.63784221,2025-08-29 00:00:00.000,2025-08-29 00:00:00
MLNUSDT,5e-05,8.63498234,2025-08-29 04:00:00.008,2025-08-29 04:00:00
MLNUSDT,5e-05,8.35,2025-08-29 08:00:00.000,2025-08-29 08:00:00
MLNUSDT,5e-05,8.329,2025-08-29 12:00:00.010,2025-08-29 12:00:00
MLNUSDT,5e-05,8.303,2025-08-29 16:00:00.005,2025-08-29 16:00:00
MLNUSDT,5e-05,8.30975112,2025-08-29 20:00:00.000,2025-08-29 20:00:00
MLNUSDT,5e-05,8.31102876,2025-08-30 00:00:00.000,2025-08-30 00:00:00
MLNUSDT,5e-05,8.366,2025-08-30 04:00:00.000,2025-08-30 04:00:00
MLNUSDT,5e-05,8.455,2025-08-30 08:00:00.002,2025-08-30 08:00:00
MLNUSDT,5e-05,8.435,2025-08-30 12:00:00.006,2025-08-30 12:00:00
MLNUSDT,5e-05,8.395,2025-08-30 16:00:00.003,2025-08-30 16:00:00
MLNUSDT,5e-05,8.3776723,2025-08-30 20:00:00.000,2025-08-30 20:00:00
MLNUSDT,5e-05,8.39874839,2025-08-31 00:00:00.016,2025-08-31 00:00:00
MLNUSDT,5e-05,8.48444768,2025-08-31 04:00:00.000,2025-08-31 04:00:00
MLNUSDT,5e-05,8.38056935,2025-08-31 08:00:00.000,2025-08-31 08:00:00
MLNUSDT,5e-05,8.327,2025-08-31 12:00:00.003,2025-08-31 12:00:00
MLNUSDT,5e-05,8.258,2025-08-31 16:00:00.001,2025-08-31 16:00:00
MLNUSDT,5e-05,8.24399443,2025-08-31 20:00:00.000,2025-08-31 20:00:00
MLNUSDT,5e-05,8.13908158,2025-09-01 00:00:00.000,2025-09-01 00:00:00
MLNUSDT,5e-05,8.06407196,2025-09-01 04:00:00.005,2025-09-01 04:00:00
MLNUSDT,5e-05,8.198,2025-09-01 08:00:00.000,2025-09-01 08:00:00
MLNUSDT,5e-05,8.044,2025-09-01 12:00:00.014,2025-09-01 12:00:00
MLNUSDT,5e-05,7.91575552,2025-09-01 16:00:00.001,2025-09-01 16:00:00
MLNUSDT,5e-05,7.98985446,2025-09-01 20:00:00.008,2025-09-01 20:00:00
MLNUSDT,5e-05,7.856,2025-09-02 00:00:00.000,2025-09-02 00:00:00
MLNUSDT,5e-05,8.005,2025-09-02 04:00:00.009,2025-09-02 04:00:00
MLNUSDT,5e-05,7.92239433,2025-09-02 08:00:00.005,2025-09-02 08:00:00
MLNUSDT,5e-05,7.934,2025-09-02 12:00:00.003,2025-09-02 12:00:00
MLNUSDT,5e-05,7.81123518,2025-09-02 16:00:00.007,2025-09-02 16:00:00
MLNUSDT,5e-05,7.8812208,2025-09-02 20:00:00.001,2025-09-02 20:00:00
MLNUSDT,5e-05,7.99825806,2025-09-03 00:00:00.006,2025-09-03 00:00:00
MLNUSDT,5e-05,7.97716828,2025-09-03 04:00:00.003,2025-09-03 04:00:00
MLNUSDT,5e-05,7.88412599,2025-09-03 08:00:00.002,2025-09-03 08:00:00
MLNUSDT,5e-05,7.9370879,2025-09-03 12:00:00.000,2025-09-03 12:00:00
MLNUSDT,5e-05,8.01681145,2025-09-03 16:00:00.002,2025-09-03 16:00:00
MLNUSDT,5e-05,8.029,2025-09-03 20:00:00.006,2025-09-03 20:00:00
MLNUSDT,5e-05,7.994,2025-09-04 00:00:00.002,2025-09-04 00:00:00
MLNUSDT,5e-05,7.8023871,2025-09-04 04:00:00.000,2025-09-04 04:00:00
MLNUSDT,5e-05,7.73024704,2025-09-04 08:00:00.000,2025-09-04 08:00:00
MLNUSDT,5e-05,7.66191952,2025-09-04 12:00:00.002,2025-09-04 12:00:00
MLNUSDT,5e-05,7.55588752,2025-09-04 16:00:00.000,2025-09-04 16:00:00
MLNUSDT,5e-05,7.626,2025-09-04 20:00:00.000,2025-09-04 20:00:00
MLNUSDT,5e-05,7.69629254,2025-09-05 00:00:00.001,2025-09-05 00:00:00
MLNUSDT,5e-05,7.76,2025-09-05 04:00:00.000,2025-09-05 04:00:00
MLNUSDT,5e-05,7.892,2025-09-05 08:00:00.006,2025-09-05 08:00:00
MLNUSDT,5e-05,7.82925645,2025-09-05 12:00:00.001,2025-09-05 12:00:00
MLNUSDT,5e-05,7.752156,2025-09-05 16:00:00.000,2025-09-05 16:00:00
MLNUSDT,5e-05,7.844,2025-09-05 20:00:00.000,2025-09-05 20:00:00
MLNUSDT,5e-05,7.839,2025-09-06 00:00:00.000,2025-09-06 00:00:00
MLNUSDT,5e-05,7.893,2025-09-06 04:00:00.000,2025-09-06 04:00:00
MLNUSDT,5e-05,7.857,2025-09-06 08:00:00.005,2025-09-06 08:00:00
MLNUSDT,5e-05,7.83723745,2025-09-06 12:00:00.000,2025-09-06 12:00:00
MLNUSDT,5e-05,7.872,2025-09-06 16:00:00.000,2025-09-06 16:00:00
MLNUSDT,5e-05,7.77828333,2025-09-06 20:00:00.001,2025-09-06 20:00:00
MLNUSDT,5e-05,7.79050349,2025-09-07 00:00:00.000,2025-09-07 00:00:00
MLNUSDT,5e-05,7.903,2025-09-07 04:00:00.008,2025-09-07 04:00:00
MLNUSDT,5e-05,7.848,2025-09-07 08:00:00.000,2025-09-07 08:00:00
MLNUSDT,5e-05,7.844,2025-09-07 12:00:00.000,2025-09-07 12:00:00
MLNUSDT,5e-05,7.85787097,2025-09-07 16:00:00.000,2025-09-07 16:00:00
MLNUSDT,5e-05,7.75060403,2025-09-07 20:00:00.003,2025-09-07 20:00:00
MLNUSDT,5e-05,7.8691923,2025-09-08 00:00:00.007,2025-09-08 00:00:00
MLNUSDT,5e-05,7.947,2025-09-08 04:00:00.008,2025-09-08 04:00:00
MLNUSDT,5e-05,7.895,2025-09-08 08:00:00.000,2025-09-08 08:00:00
MLNUSDT,5e-05,7.924,2025-09-08 12:00:00.005,2025-09-08 12:00:00
MLNUSDT,5e-05,8.01054461,2025-09-08 16:00:00.000,2025-09-08 16:00:00
MLNUSDT,5e-05,7.90299632,2025-09-08 20:00:00.001,2025-09-08 20:00:00
MLNUSDT,5e-05,7.93484866,2025-09-09 00:00:00.000,2025-09-09 00:00:00
MLNUSDT,5e-05,7.97617826,2025-09-09 04:00:00.000,2025-09-09 04:00:00
MLNUSDT,5e-05,8.186,2025-09-09 08:00:00.000,2025-09-09 08:00:00
MLNUSDT,5e-05,8.105,2025-09-09 12:00:00.004,2025-09-09 12:00:00
MLNUSDT,5e-05,7.897,2025-09-09 16:00:00.000,2025-09-09 16:00:00
MLNUSDT,5e-05,7.92629462,2025-09-09 20:00:00.000,2025-09-09 20:00:00
MLNUSDT,5e-05,7.94509188,2025-09-10 00:00:00.000,2025-09-10 00:00:00
MLNUSDT,5e-05,8.047,2025-09-10 04:00:00.001,2025-09-10 04:00:00
MLNUSDT,5e-05,8.035,2025-09-10 08:00:00.002,2025-09-10 08:00:00
MLNUSDT,5e-05,8.145,2025-09-10 12:00:00.004,2025-09-10 12:00:00
MLNUSDT,5e-05,8.16157543,2025-09-10 16:00:00.000,2025-09-10 16:00:00
MLNUSDT,5e-05,8.09830569,2025-09-10 20:00:00.007,2025-09-10 20:00:00
MLNUSDT,5e-05,8.14348487,2025-09-11 00:00:00.000,2025-09-11 00:00:00
MLNUSDT,5e-05,8.19672043,2025-09-11 04:00:00.003,2025-09-11 04:00:00
MLNUSDT,5e-05,8.37998385,2025-09-11 08:00:00.000,2025-09-11 08:00:00
MLNUSDT,5e-05,8.142426,2025-09-11 12:00:00.005,2025-09-11 12:00:00
MLNUSDT,5e-05,8.09723502,2025-09-11 16:00:00.001,2025-09-11 16:00:00
MLNUSDT,5e-05,8.15650699,2025-09-11 20:00:00.001,2025-09-11 20:00:00
MLNUSDT,5e-05,8.223,2025-09-12 00:00:00.002,2025-09-12 00:00:00
MLNUSDT,5e-05,8.21044839,2025-09-12 04:00:00.004,2025-09-12 04:00:00
MLNUSDT,5e-05,8.213,2025-09-12 08:00:00.001,2025-09-12 08:00:00
MLNUSDT,5e-05,8.14643529,2025-09-12 12:00:00.001,2025-09-12 12:00:00
MLNUSDT,5e-05,8.245,2025-09-12 16:00:00.005,2025-09-12 16:00:00
MLNUSDT,5e-05,8.35558253,2025-09-12 20:00:00.000,2025-09-12 20:00:00
MLNUSDT,5e-05,8.40832218,2025-09-13 00:00:00.005,2025-09-13 00:00:00
MLNUSDT,5e-05,8.38685699,2025-09-13 04:00:00.002,2025-09-13 04:00:00
MLNUSDT,5e-05,8.34571163,2025-09-13 08:00:00.002,2025-09-13 08:00:00
MLNUSDT,5e-05,8.44042634,2025-09-13 12:00:00.005,2025-09-13 12:00:00
MLNUSDT,5e-05,8.3715107,2025-09-13 16:00:00.000,2025-09-13 16:00:00
MLNUSDT,5e-05,8.42211667,2025-09-13 20:00:00.001,2025-09-13 20:00:00
MLNUSDT,5e-05,8.44439032,2025-09-14 00:00:00.006,2025-09-14 00:00:00
MLNUSDT,5e-05,8.342,2025-09-14 04:00:00.001,2025-09-14 04:00:00
MLNUSDT,5e-05,8.30195212,2025-09-14 08:00:00.000,2025-09-14 08:00:00
MLNUSDT,5e-05,8.174,2025-09-14 12:00:00.004,2025-09-14 12:00:00
MLNUSDT,5e-05,8.128,2025-09-14 16:00:00.001,2025-09-14 16:00:00
MLNUSDT,5e-05,8.161,2025-09-14 20:00:00.000,2025-09-14 20:00:00
MLNUSDT,5e-05,8.103,2025-09-15 00:00:00.006,2025-09-15 00:00:00
MLNUSDT,5e-05,8.20681904,2025-09-15 04:00:00.000,2025-09-15 04:00:00
MLNUSDT,5e-05,8.0200503,2025-09-15 08:00:00.002,2025-09-15 08:00:00
MLNUSDT,5e-05,7.859,2025-09-15 12:00:00.003,2025-09-15 12:00:00
MLNUSDT,5e-05,7.7266464,2025-09-15 16:00:00.001,2025-09-15 16:00:00
MLNUSDT,5e-05,7.78143738,2025-09-15 20:00:00.001,2025-09-15 20:00:00
MLNUSDT,5e-05,7.83215031,2025-09-16 00:00:00.001,2025-09-16 00:00:00
MLNUSDT,5e-05,7.7500305,2025-09-16 04:00:00.000,2025-09-16 04:00:00
MLNUSDT,5e-05,7.811,2025-09-16 08:00:00.000,2025-09-16 08:00:00
MLNUSDT,5e-05,7.81327258,2025-09-16 12:00:00.002,2025-09-16 12:00:00
MLNUSDT,5e-05,7.958,2025-09-16 16:00:00.000,2025-09-16 16:00:00
MLNUSDT,5e-05,7.9351665,2025-09-16 20:00:00.004,2025-09-16 20:00:00
MLNUSDT,5e-05,7.913,2025-09-17 00:00:00.001,2025-09-17 00:00:00
MLNUSDT,5e-05,7.946,2025-09-17 04:00:00.004,2025-09-17 04:00:00
MLNUSDT,5e-05,7.956,2025-09-17 08:00:00.000,2025-09-17 08:00:00
MLNUSDT,5e-05,7.84018612,2025-09-17 12:00:00.000,2025-09-17 12:00:00
MLNUSDT,5e-05,7.79777076,2025-09-17 16:00:00.003,2025-09-17 16:00:00
MLNUSDT,5e-05,8.03280851,2025-09-17 20:00:00.000,2025-09-17 20:00:00
MLNUSDT,5e-05,8.141,2025-09-18 00:00:00.006,2025-09-18 00:00:00
MLNUSDT,5e-05,8.20350748,2025-09-18 04:00:00.001,2025-09-18 04:00:00
MLNUSDT,5e-05,8.12294543,2025-09-18 08:00:00.002,2025-09-18 08:00:00
MLNUSDT,5e-05,8.146,2025-09-18 12:00:00.000,2025-09-18 12:00:00
MLNUSDT,5e-05,8.20524086,2025-09-18 16:00:00.000,2025-09-18 16:00:00
MLNUSDT,5e-05,8.19937502,2025-09-18 20:00:00.008,2025-09-18 20:00:00
MLNUSDT,5e-05,8.17732519,2025-09-19 00:00:00.000,2025-09-19 00:00:00
MLNUSDT,5e-05,8.077,2025-09-19 04:00:00.003,2025-09-19 04:00:00
MLNUSDT,5e-05,8.10843065,2025-09-19 08:00:00.005,2025-09-19 08:00:00
MLNUSDT,5e-05,7.98652219,2025-09-19 12:00:00.000,2025-09-19 12:00:00
MLNUSDT,5e-05,7.93027773,2025-09-19 16:00:00.000,2025-09-19 16:00:00
MLNUSDT,5e-05,7.86272015,2025-09-19 20:00:00.004,2025-09-19 20:00:00
MLNUSDT,5e-05,7.856,2025-09-20 00:00:00.000,2025-09-20 00:00:00
MLNUSDT,5e-05,7.88551328,2025-09-20 04:00:00.000,2025-09-20 04:00:00
MLNUSDT,5e-05,7.97045763,2025-09-20 08:00:00.000,2025-09-20 08:00:00
MLNUSDT,5e-05,7.88931935,2025-09-20 12:00:00.008,2025-09-20 12:00:00
MLNUSDT,5e-05,7.983,2025-09-20 16:00:00.002,2025-09-20 16:00:00
MLNUSDT,5e-05,7.92316416,2025-09-20 20:00:00.000,2025-09-20 20:00:00
MLNUSDT,5e-05,7.93989677,2025-09-21 00:00:00.000,2025-09-21 00:00:00
MLNUSDT,5e-05,7.95701936,2025-09-21 04:00:00.002,2025-09-21 04:00:00
MLNUSDT,5e-05,8.05539338,2025-09-21 08:00:00.000,2025-09-21 08:00:00
MLNUSDT,5e-05,7.94931812,2025-09-21 12:00:00.002,2025-09-21 12:00:00
MLNUSDT,5e-05,7.972,2025-09-21 16:00:00.000,2025-09-21 16:00:00
MLNUSDT,5e-05,7.895,2025-09-21 20:00:00.000,2025-09-21 20:00:00
MLNUSDT,5e-05,7.82160184,2025-09-22 00:00:00.005,2025-09-22 00:00:00
MLNUSDT,5e-05,7.597,2025-09-22 04:00:00.000,2025-09-22 04:00:00
MLNUSDT,5e-05,7.268,2025-09-22 08:00:00.003,2025-09-22 08:00:00
MLNUSDT,5.17e-06,7.229,2025-09-22 12:00:00.005,2025-09-22 12:00:00
MLNUSDT,5e-05,7.15574434,2025-09-22 16:00:00.000,2025-09-22 16:00:00
MLNUSDT,5e-05,7.03445215,2025-09-22 20:00:00.001,2025-09-22 20:00:00
MLNUSDT,5e-05,7.19446663,2025-09-23 00:00:00.000,2025-09-23 00:00:00
MLNUSDT,5e-05,7.177,2025-09-23 04:00:00.012,2025-09-23 04:00:00
MLNUSDT,5e-05,7.262,2025-09-23 08:00:00.001,2025-09-23 08:00:00
MLNUSDT,5e-05,7.312,2025-09-23 12:00:00.000,2025-09-23 12:00:00
MLNUSDT,5e-05,7.321,2025-09-23 16:00:00.000,2025-09-23 16:00:00
MLNUSDT,5e-05,7.17,2025-09-23 20:00:00.001,2025-09-23 20:00:00
MLNUSDT,5e-05,7.235,2025-09-24 00:00:00.003,2025-09-24 00:00:00
MLNUSDT,5e-05,7.22139245,2025-09-24 04:00:00.000,2025-09-24 04:00:00
MLNUSDT,5e-05,7.329,2025-09-24 08:00:00.001,2025-09-24 08:00:00
MLNUSDT,5e-05,7.38295269,2025-09-24 12:00:00.001,2025-09-24 12:00:00
MLNUSDT,5e-05,7.36644124,2025-09-24 16:00:00.002,2025-09-24 16:00:00
MLNUSDT,5e-05,7.36925588,2025-09-24 20:00:00.001,2025-09-24 20:00:00
MLNUSDT,5e-05,7.39906199,2025-09-25 00:00:00.000,2025-09-25 00:00:00
MLNUSDT,5e-05,7.29725248,2025-09-25 04:00:00.000,2025-09-25 04:00:00
MLNUSDT,5e-05,7.20572817,2025-09-25 08:00:00.001,2025-09-25 08:00:00
MLNUSDT,5e-05,7.179,2025-09-25 12:00:00.000,2025-09-25 12:00:00
MLNUSDT,5e-05,7.206,2025-09-25 16:00:00.000,2025-09-25 16:00:00
MLNUSDT,5e-05,7.05869554,2025-09-25 20:00:00.000,2025-09-25 20:00:00
MLNUSDT,5e-05,7.02611264,2025-09-26 00:00:00.000,2025-09-26 00:00:00
MLNUSDT,5e-05,7.08561847,2025-09-26 04:00:00.002,2025-09-26 04:00:00
MLNUSDT,5e-05,7.064,2025-09-26 08:00:00.000,2025-09-26 08:00:00
MLNUSDT,5e-05,6.99344766,2025-09-26 12:00:00.000,2025-09-26 12:00:00
MLNUSDT,5e-05,7.10769522,2025-09-26 16:00:00.008,2025-09-26 16:00:00
MLNUSDT,5e-05,7.27828065,2025-09-26 20:00:00.005,2025-09-26 20:00:00
MLNUSDT,5e-05,7.30694788,2025-09-27 00:00:00.000,2025-09-27 00:00:00
MLNUSDT,5e-05,7.501,2025-09-27 04:00:00.000,2025-09-27 04:00:00
MLNUSDT,5e-05,7.522,2025-09-27 08:00:00.010,2025-09-27 08:00:00
MLNUSDT,5e-05,7.53183833,2025-09-27 12:00:00.003,2025-09-27 12:00:00
MLNUSDT,5e-05,7.54728387,2025-09-27 16:00:00.003,2025-09-27 16:00:00
MLNUSDT,5e-05,7.51296636,2025-09-27 20:00:00.002,2025-09-27 20:00:00
MLNUSDT,5e-05,7.49239158,2025-09-28 00:00:00.000,2025-09-28 00:00:00
MLNUSDT,5e-05,7.43926208,2025-09-28 04:00:00.002,2025-09-28 04:00:00
MLNUSDT,5e-05,7.449,2025-09-28 08:00:00.000,2025-09-28 08:00:00
MLNUSDT,5e-05,7.466,2025-09-28 12:00:00.000,2025-09-28 12:00:00
MLNUSDT,5e-05,7.49550432,2025-09-28 16:00:00.000,2025-09-28 16:00:00
MLNUSDT,5e-05,7.599,2025-09-28 20:00:00.004,2025-09-28 20:00:00
MLNUSDT,5e-05,7.72206667,2025-09-29 00:00:00.000,2025-09-29 00:00:00
MLNUSDT,5e-05,7.634,2025-09-29 04:00:00.000,2025-09-29 04:00:00
MLNUSDT,5e-05,7.61128925,2025-09-29 08:00:00.002,2025-09-29 08:00:00
MLNUSDT,5e-05,7.61021418,2025-09-29 12:00:00.000,2025-09-29 12:00:00
MLNUSDT,5e-05,7.59971181,2025-09-29 16:00:00.001,2025-09-29 16:00:00
MLNUSDT,5e-05,7.55617824,2025-09-29 20:00:00.000,2025-09-29 20:00:00
MLNUSDT,5e-05,7.559,2025-09-30 00:00:00.002,2025-09-30 00:00:00
MLNUSDT,5e-05,7.45404447,2025-09-30 04:00:00.000,2025-09-30 04:00:00
MLNUSDT,5e-05,7.4802586,2025-09-30 08:00:00.005,2025-09-30 08:00:00
MLNUSDT,5e-05,7.39478333,2025-09-30 12:00:00.000,2025-09-30 12:00:00
MLNUSDT,5e-05,7.286,2025-09-30 16:00:00.000,2025-09-30 16:00:00
MLNUSDT,5e-05,7.35353759,2025-09-30 20:00:00.000,2025-09-30 20:00:00
MLNUSDT,5e-05,7.43563602,2025-10-01 00:00:00.000,2025-10-01 00:00:00
MLNUSDT,5e-05,7.40174573,2025-10-01 04:00:00.008,2025-10-01 04:00:00
MLNUSDT,5e-05,7.47291542,2025-10-01 08:00:00.000,2025-10-01 08:00:00
MLNUSDT,5e-05,7.71564772,2025-10-01 12:00:00.007,2025-10-01 12:00:00
MLNUSDT,5e-05,7.78230447,2025-10-01 16:00:00.000,2025-10-01 16:00:00
MLNUSDT,5e-05,7.87106952,2025-10-01 20:00:00.001,2025-10-01 20:00:00
MLNUSDT,5e-05,7.88050329,2025-10-02 00:00:00.000,2025-10-02 00:00:00
MLNUSDT,5e-05,7.96135864,2025-10-02 04:00:00.001,2025-10-02 04:00:00
MLNUSDT,5e-05,8.01135275,2025-10-02 08:00:00.013,2025-10-02 08:00:00
MLNUSDT,5e-05,7.96855,2025-10-02 12:00:00.000,2025-10-02 12:00:00
MLNUSDT,5e-05,7.964,2025-10-02 16:00:00.000,2025-10-02 16:00:00
MLNUSDT,5e-05,8.07024078,2025-10-02 20:00:00.000,2025-10-02 20:00:00
MLNUSDT,5e-05,8.04068121,2025-10-03 00:00:00.006,2025-10-03 00:00:00
MLNUSDT,5e-05,7.951,2025-10-03 04:00:00.000,2025-10-03 04:00:00
MLNUSDT,5e-05,7.97414141,2025-10-03 08:00:00.006,2025-10-03 08:00:00
MLNUSDT,5e-05,7.94118011,2025-10-03 12:00:00.000,2025-10-03 12:00:00
MLNUSDT,5e-05,8.065,2025-10-03 16:00:00.000,2025-10-03 16:00:00
MLNUSDT,5e-05,8.00378081,2025-10-03 20:00:00.002,2025-10-03 20:00:00
MLNUSDT,5e-05,7.999,2025-10-04 00:00:00.001,2025-10-04 00:00:00
MLNUSDT,5e-05,7.93465591,2025-10-04 04:00:00.006,2025-10-04 04:00:00
MLNUSDT,5e-05,7.933,2025-10-04 08:00:00.000,2025-10-04 08:00:00
MLNUSDT,5e-05,7.83051613,2025-10-04 12:00:00.000,2025-10-04 12:00:00
MLNUSDT,5e-05,7.785,2025-10-04 16:00:00.000,2025-10-04 16:00:00
MLNUSDT,5e-05,7.87111135,2025-10-04 20:00:00.003,2025-10-04 20:00:00
MLNUSDT,5e-05,7.88,2025-10-05 00:00:00.000,2025-10-05 00:00:00
MLNUSDT,5e-05,7.90908023,2025-10-05 04:00:00.000,2025-10-05 04:00:00
MLNUSDT,5e-05,8.05,2025-10-05 08:00:00.003,2025-10-05 08:00:00
MLNUSDT,5e-05,7.93264516,2025-10-05 12:00:00.000,2025-10-05 12:00:00
MLNUSDT,5e-05,7.93164741,2025-10-05 16:00:00.009,2025-10-05 16:00:00
MLNUSDT,5e-05,7.805,2025-10-05 20:00:00.004,2025-10-05 20:00:00
MLNUSDT,5e-05,7.77759159,2025-10-06 00:00:00.004,2025-10-06 00:00:00
MLNUSDT,5e-05,7.888,2025-10-06 04:00:00.003,2025-10-06 04:00:00
MLNUSDT,5e-05,7.93199008,2025-10-06 08:00:00.002,2025-10-06 08:00:00
MLNUSDT,5e-05,7.90510323,2025-10-06 12:00:00.000,2025-10-06 12:00:00
MLNUSDT,5e-05,7.996,2025-10-06 16:00:00.004,2025-10-06 16:00:00
MLNUSDT,5e-05,7.98858548,2025-10-06 20:00:00.002,2025-10-06 20:00:00
MLNUSDT,5e-05,7.90142796,2025-10-07 00:00:00.000,2025-10-07 00:00:00
MLNUSDT,5e-05,7.938,2025-10-07 04:00:00.001,2025-10-07 04:00:00
MLNUSDT,5e-05,7.89101486,2025-10-07 08:00:00.003,2025-10-07 08:00:00
MLNUSDT,5e-05,7.95997155,2025-10-07 12:00:00.005,2025-10-07 12:00:00
MLNUSDT,5e-05,7.67,2025-10-07 16:00:00.000,2025-10-07 16:00:00
MLNUSDT,5e-05,7.63069409,2025-10-07 20:00:00.002,2025-10-07 20:00:00
MLNUSDT,5e-05,7.64389355,2025-10-08 00:00:00.000,2025-10-08 00:00:00
MLNUSDT,5e-05,7.64203297,2025-10-08 04:00:00.002,2025-10-08 04:00:00
MLNUSDT,5e-05,7.751,2025-10-08 08:00:00.006,2025-10-08 08:00:00
MLNUSDT,5e-05,7.74,2025-10-08 12:00:00.003,2025-10-08 12:00:00
MLNUSDT,5e-05,7.82175645,2025-10-08 16:00:00.002,2025-10-08 16:00:00
MLNUSDT,5e-05,7.90440903,2025-10-08 20:00:00.000,2025-10-08 20:00:00
MLNUSDT,5e-05,7.89600673,2025-10-09 00:00:00.001,2025-10-09 00:00:00
MLNUSDT,5e-05,7.84187204,2025-10-09 04:00:00.003,2025-10-09 04:00:00
MLNUSDT,5e-05,7.802,2025-10-09 08:00:00.000,2025-10-09 08:00:00
MLNUSDT,5e-05,7.77970369,2025-10-09 12:00:00.002,2025-10-09 12:00:00
MLNUSDT,5e-05,7.66795427,2025-10-09 16:00:00.000,2025-10-09 16:00:00
MLNUSDT,5e-05,7.77923344,2025-10-09 20:00:00.010,2025-10-09 20:00:00
MLNUSDT,5e-05,7.80298118,2025-10-10 00:00:00.005,2025-10-10 00:00:00
MLNUSDT,5e-05,7.81969783,2025-10-10 04:00:00.001,2025-10-10 04:00:00
MLNUSDT,5e-05,7.75407543,2025-10-10 08:00:00.002,2025-10-10 08:00:00
MLNUSDT,5e-05,8.09834749,2025-10-10 12:00:00.004,2025-10-10 12:00:00
MLNUSDT,5e-05,7.72690607,2025-10-10 16:00:00.014,2025-10-10 16:00:00
MLNUSDT,5e-05,7.4960842,2025-10-10 20:00:00.003,2025-10-10 20:00:00
MLNUSDT,0.00056353,5.04558559,2025-10-11 00:00:00.000,2025-10-11 00:00:00
MLNUSDT,5e-05,5.135,2025-10-11 04:00:00.000,2025-10-11 04:00:00
MLNUSDT,5e-05,5.476,2025-10-11 08:00:00.003,2025-10-11 08:00:00
MLNUSDT,5e-05,5.656,2025-10-11 12:00:00.003,2025-10-11 12:00:00
MLNUSDT,5e-05,5.692,2025-10-11 16:00:00.000,2025-10-11 16:00:00
MLNUSDT,5e-05,5.47275655,2025-10-11 20:00:00.001,2025-10-11 20:00:00
MLNUSDT,5e-05,5.499,2025-10-12 00:00:00.004,2025-10-12 00:00:00
MLNUSDT,5e-05,5.33607634,2025-10-12 04:00:00.001,2025-10-12 04:00:00
MLNUSDT,5e-05,5.48444109,2025-10-12 08:00:00.002,2025-10-12 08:00:00
MLNUSDT,5e-05,5.54167957,2025-10-12 12:00:00.001,2025-10-12 12:00:00
MLNUSDT,5e-05,5.733,2025-10-12 16:00:00.000,2025-10-12 16:00:00
MLNUSDT,5e-05,5.93230594,2025-10-12 20:00:00.000,2025-10-12 20:00:00
MLNUSDT,5e-05,5.87729032,2025-10-13 00:00:00.003,2025-10-13 00:00:00
MLNUSDT,5e-05,5.81211654,2025-10-13 04:00:00.000,2025-10-13 04:00:00
MLNUSDT,5e-05,5.95569208,2025-10-13 08:00:00.002,2025-10-13 08:00:00
MLNUSDT,5e-05,6.05880794,2025-10-13 12:00:00.001,2025-10-13 12:00:00
MLNUSDT,5e-05,6.03223064,2025-10-13 16:00:00.003,2025-10-13 16:00:00
MLNUSDT,5e-05,6.207203,2025-10-13 20:00:00.002,2025-10-13 20:00:00
MLNUSDT,5e-05,6.228,2025-10-14 00:00:00.000,2025-10-14 00:00:00
MLNUSDT,5e-05,6.02859766,2025-10-14 04:00:00.000,2025-10-14 04:00:00
MLNUSDT,5e-05,5.73652651,2025-10-14 08:00:00.000,2025-10-14 08:00:00
MLNUSDT,5e-05,5.794,2025-10-14 12:00:00.000,2025-10-14 12:00:00
MLNUSDT,5e-05,5.90679455,2025-10-14 16:00:00.000,2025-10-14 16:00:00
MLNUSDT,5e-05,5.93909482,2025-10-14 20:00:00.000,2025-10-14 20:00:00
MLNUSDT,5e-05,5.957,2025-10-15 00:00:00.006,2025-10-15 00:00:00
MLNUSDT,5e-05,5.91929672,2025-10-15 04:00:00.001,2025-10-15 04:00:00
MLNUSDT,5e-05,6.01967482,2025-10-15 08:00:00.002,2025-10-15 08:00:00
MLNUSDT,5e-05,5.94285918,2025-10-15 12:00:00.005,2025-10-15 12:00:00
MLNUSDT,-2.639e-05,5.792,2025-10-15 16:00:00.000,2025-10-15 16:00:00
MLNUSDT,5e-05,5.776,2025-10-15 20:00:00.004,2025-10-15 20:00:00
MLNUSDT,5e-05,5.7719485,2025-10-16 00:00:00.000,2025-10-16 00:00:00
MLNUSDT,5e-05,5.785,2025-10-16 04:00:00.000,2025-10-16 04:00:00
MLNUSDT,5e-05,5.818,2025-10-16 08:00:00.003,2025-10-16 08:00:00
MLNUSDT,5e-05,5.70613976,2025-10-16 12:00:00.000,2025-10-16 12:00:00
MLNUSDT,5e-05,5.487,2025-10-16 16:00:00.002,2025-10-16 16:00:00
MLNUSDT,5e-05,5.446,2025-10-16 20:00:00.003,2025-10-16 20:00:00
MLNUSDT,5e-05,5.4729761,2025-10-17 00:00:00.001,2025-10-17 00:00:00
MLNUSDT,5e-05,5.45309712,2025-10-17 04:00:00.001,2025-10-17 04:00:00
MLNUSDT,4.732e-05,5.09742748,2025-10-17 08:00:00.005,2025-10-17 08:00:00
MLNUSDT,5e-05,5.258,2025-10-17 12:00:00.000,2025-10-17 12:00:00
MLNUSDT,5e-05,5.311,2025-10-17 16:00:00.003,2025-10-17 16:00:00
MLNUSDT,5e-05,5.34528385,2025-10-17 20:00:00.004,2025-10-17 20:00:00
MLNUSDT,5e-05,5.33006203,2025-10-18 00:00:00.000,2025-10-18 00:00:00
MLNUSDT,5e-05,5.36353763,2025-10-18 04:00:00.000,2025-10-18 04:00:00
MLNUSDT,5e-05,5.40048751,2025-10-18 08:00:00.002,2025-10-18 08:00:00
MLNUSDT,5e-05,5.361,2025-10-18 12:00:00.007,2025-10-18 12:00:00
MLNUSDT,5e-05,5.22233195,2025-10-18 16:00:00.001,2025-10-18 16:00:00
MLNUSDT,5e-05,5.267,2025-10-18 20:00:00.000,2025-10-18 20:00:00
MLNUSDT,-0.00097038,7.5619164,2025-10-19 00:00:00.001,2025-10-19 00:00:00
MLNUSDT,-0.0002395,8.42855461,2025-10-19 04:00:00.000,2025-10-19 04:00:00
MLNUSDT,-0.00013038,7.67796912,2025-10-19 08:00:00.001,2025-10-19 08:00:00
MLNUSDT,5e-05,11.96407855,2025-10-19 12:00:00.000,2025-10-19 12:00:00
MLNUSDT,5e-05,13.39225623,2025-10-19 16:00:00.001,2025-10-19 16:00:00
MLNUSDT,5e-05,13.4816668,2025-10-19 20:00:00.000,2025-10-19 20:00:00
MLNUSDT,5e-05,14.51573658,2025-10-20 00:00:00.004,2025-10-20 00:00:00
MLNUSDT,5e-05,13.59766276,2025-10-20 04:00:00.000,2025-10-20 04:00:00
MLNUSDT,-0.00022424,11.42339839,2025-10-20 08:00:00.001,2025-10-20 08:00:00
MLNUSDT,-0.0139376,15.078,2025-10-20 12:00:00.000,2025-10-20 12:00:00
MLNUSDT,5e-05,11.80056546,2025-10-20 16:00:00.000,2025-10-20 16:00:00
MLNUSDT,5e-05,10.60883405,2025-10-20 20:00:00.000,2025-10-20 20:00:00
MLNUSDT,-6.99e-06,10.62580003,2025-10-21 00:00:00.009,2025-10-21 00:00:00
MLNUSDT,-0.00199905,11.095,2025-10-21 04:00:00.003,2025-10-21 04:00:00
MLNUSDT,-0.00341641,9.66,2025-10-21 08:00:00.000,2025-10-21 08:00:00
MLNUSDT,-7.911e-05,9.208,2025-10-21 12:00:00.000,2025-10-21 12:00:00
MLNUSDT,5e-05,9.62309006,2025-10-21 16:00:00.000,2025-10-21 16:00:00
MLNUSDT,5e-05,9.73237394,2025-10-21 20:00:00.001,2025-10-21 20:00:00
MLNUSDT,5e-05,8.691,2025-10-22 00:00:00.004,2025-10-22 00:00:00
MLNUSDT,5e-05,8.567,2025-10-22 04:00:00.000,2025-10-22 04:00:00
MLNUSDT,5e-05,8.75426117,2025-10-22 08:00:00.000,2025-10-22 08:00:00
MLNUSDT,5e-05,8.73442106,2025-10-22 12:00:00.000,2025-10-22 12:00:00
MLNUSDT,5e-05,8.785,2025-10-22 16:00:00.000,2025-10-22 16:00:00
MLNUSDT,5e-05,8.716,2025-10-22 20:00:00.004,2025-10-22 20:00:00
MLNUSDT,5e-05,8.48837308,2025-10-23 00:00:00.000,2025-10-23 00:00:00
MLNUSDT,5e-05,8.616,2025-10-23 04:00:00.000,2025-10-23 04:00:00
MLNUSDT,5e-05,8.68557549,2025-10-23 08:00:00.001,2025-10-23 08:00:00
MLNUSDT,5e-05,8.53395591,2025-10-23 12:00:00.000,2025-10-23 12:00:00
MLNUSDT,5e-05,8.12538332,2025-10-23 16:00:00.004,2025-10-23 16:00:00
MLNUSDT,5e-05,8.26332706,2025-10-23 20:00:00.000,2025-10-23 20:00:00
MLNUSDT,5e-05,8.16504262,2025-10-24 00:00:00.000,2025-10-24 00:00:00
MLNUSDT,5e-05,8.20895867,2025-10-24 04:00:00.002,2025-10-24 04:00:00
MLNUSDT,5e-05,8.29021658,2025-10-24 08:00:00.000,2025-10-24 08:00:00
MLNUSDT,5e-05,8.16973308,2025-10-24 12:00:00.002,2025-10-24 12:00:00
MLNUSDT,5e-05,7.74,2025-10-24 16:00:00.009,2025-10-24 16:00:00
MLNUSDT,5e-05,8.21082433,2025-10-24 20:00:00.000,2025-10-24 20:00:00
MLNUSDT,5e-05,8.28154216,2025-10-25 00:00:00.000,2025-10-25 00:00:00
MLNUSDT,5e-05,8.386,2025-10-25 04:00:00.000,2025-10-25 04:00:00
MLNUSDT,5e-05,8.17312819,2025-10-25 08:00:00.001,2025-10-25 08:00:00
MLNUSDT,5e-05,8.12,2025-10-25 12:00:00.000,2025-10-25 12:00:00
MLNUSDT,5e-05,8.098,2025-10-25 16:00:00.001,2025-10-25 16:00:00
MLNUSDT,5e-05,7.869,2025-10-25 20:00:00.002,2025-10-25 20:00:00
MLNUSDT,5e-05,7.94726724,2025-10-26 00:00:00.001,2025-10-26 00:00:00
MLNUSDT,5e-05,7.73082274,2025-10-26 04:00:00.000,2025-10-26 04:00:00
MLNUSDT,5e-05,7.83594705,2025-10-26 08:00:00.001,2025-10-26 08:00:00
MLNUSDT,5e-05,8.03,2025-10-26 12:00:00.002,2025-10-26 12:00:00
MLNUSDT,5e-05,8.20302972,2025-10-26 16:00:00.000,2025-10-26 16:00:00
MLNUSDT,5e-05,8.095,2025-10-26 20:00:00.000,2025-10-26 20:00:00
MLNUSDT,5e-05,7.886,2025-10-27 00:00:00.000,2025-10-27 00:00:00
MLNUSDT,5e-05,8.031,2025-10-27 04:00:00.000,2025-10-27 04:00:00
MLNUSDT,5e-05,8.29988459,2025-10-27 08:00:00.005,2025-10-27 08:00:00
MLNUSDT,5e-05,8.00794994,2025-10-27 12:00:00.003,2025-10-27 12:00:00
MLNUSDT,5e-05,9.09650147,2025-10-27 16:00:00.000,2025-10-27 16:00:00
MLNUSDT,5e-05,7.96398348,2025-10-27 20:00:00.001,2025-10-27 20:00:00
MLNUSDT,5e-05,7.77,2025-10-28 00:00:00.000,2025-10-28 00:00:00
MLNUSDT,5e-05,7.632,2025-10-28 04:00:00.004,2025-10-28 04:00:00
MLNUSDT,5e-05,7.767,2025-10-28 08:00:00.000,2025-10-28 08:00:00
MLNUSDT,5e-05,7.733,2025-10-28 12:00:00.000,2025-10-28 12:00:00
MLNUSDT,5e-05,7.42,2025-10-28 16:00:00.004,2025-10-28 16:00:00
MLNUSDT,5e-05,7.14851451,2025-10-28 20:00:00.004,2025-10-28 20:00:00
MLNUSDT,5e-05,7.105,2025-10-29 00:00:00.004,2025-10-29 00:00:00
MLNUSDT,5e-05,6.99846245,2025-10-29 04:00:00.005,2025-10-29 04:00:00
MLNUSDT,5e-05,7.03860448,2025-10-29 08:00:00.005,2025-10-29 08:00:00
MLNUSDT,5e-05,6.9609198,2025-10-29 12:00:00.011,2025-10-29 12:00:00
MLNUSDT,5e-05,6.95434365,2025-10-29 16:00:00.000,2025-10-29 16:00:00
MLNUSDT,5e-05,7.037,2025-10-29 20:00:00.008,2025-10-29 20:00:00
MLNUSDT,5e-05,7.059,2025-10-30 00:00:00.004,2025-10-30 00:00:00
MLNUSDT,5e-05,7.048,2025-10-30 04:00:00.001,2025-10-30 04:00:00
MLNUSDT,5e-05,6.985,2025-10-30 08:00:00.008,2025-10-30 08:00:00
MLNUSDT,5e-05,6.585,2025-10-30 12:00:00.006,2025-10-30 12:00:00
MLNUSDT,5e-05,6.45079074,2025-10-30 16:00:00.001,2025-10-30 16:00:00
MLNUSDT,5e-05,6.55645545,2025-10-30 20:00:00.000,2025-10-30 20:00:00
MLNUSDT,5e-05,6.64735032,2025-10-31 00:00:00.000,2025-10-31 00:00:00
MLNUSDT,5e-05,6.69097867,2025-10-31 04:00:00.000,2025-10-31 04:00:00
MLNUSDT,5e-05,6.67007385,2025-10-31 08:00:00.008,2025-10-31 08:00:00
MLNUSDT,5e-05,6.68479132,2025-10-31 12:00:00.008,2025-10-31 12:00:00
MLNUSDT,5e-05,6.681,2025-10-31 16:00:00.007,2025-10-31 16:00:00
MLNUSDT,5e-05,6.7060083,2025-10-31 20:00:00.001,2025-10-31 20:00:00
MLNUSDT,5e-05,6.634,2025-11-01 00:00:00.001,2025-11-01 00:00:00
MLNUSDT,5e-05,6.597,2025-11-01 04:00:00.000,2025-11-01 04:00:00
MLNUSDT,5e-05,6.63430359,2025-11-01 08:00:00.000,2025-11-01 08:00:00
MLNUSDT,5e-05,6.83873491,2025-11-01 12:00:00.000,2025-11-01 12:00:00
MLNUSDT,5e-05,6.65823897,2025-11-01 16:00:00.000,2025-11-01 16:00:00
MLNUSDT,5e-05,6.5492407,2025-11-01 20:00:00.003,2025-11-01 20:00:00
MLNUSDT,5e-05,6.581,2025-11-02 00:00:00.007,2025-11-02 00:00:00
MLNUSDT,5e-05,6.777,2025-11-02 04:00:00.002,2025-11-02 04:00:00
MLNUSDT,5e-05,6.812,2025-11-02 08:00:00.000,2025-11-02 08:00:00
MLNUSDT,5e-05,6.623,2025-11-02 12:00:00.001,2025-11-02 12:00:00
MLNUSDT,-5.08e-06,6.4038403,2025-11-02 16:00:00.001,2025-11-02 16:00:00
MLNUSDT,-8.4e-07,6.567,2025-11-02 20:00:00.001,2025-11-02 20:00:00
MLNUSDT,5e-05,6.72256667,2025-11-03 00:00:00.000,2025-11-03 00:00:00
MLNUSDT,5e-05,6.43032827,2025-11-03 04:00:00.003,2025-11-03 04:00:00
MLNUSDT,5e-05,6.439,2025-11-03 08:00:00.010,2025-11-03 08:00:00
MLNUSDT,5e-05,6.26246613,2025-11-03 12:00:00.002,2025-11-03 12:00:00
MLNUSDT,5e-05,6.08836878,2025-11-03 16:00:00.000,2025-11-03 16:00:00
MLNUSDT,5e-05,6.378,2025-11-03 20:00:00.008,2025-11-03 20:00:00
MLNUSDT,5e-05,6.31003059,2025-11-04 00:00:00.002,2025-11-04 00:00:00
MLNUSDT,5e-05,6.344,2025-11-04 04:00:00.000,2025-11-04 04:00:00
MLNUSDT,5e-05,6.10753543,2025-11-04 08:00:00.004,2025-11-04 08:00:00
MLNUSDT,5e-05,6.39966224,2025-11-04 12:00:00.000,2025-11-04 12:00:00
MLNUSDT,5e-05,6.54522998,2025-11-04 16:00:00.000,2025-11-04 16:00:00
MLNUSDT,-4.956e-05,6.182,2025-11-04 20:00:00.001,2025-11-04 20:00:00
MLNUSDT,5e-05,6.11253222,2025-11-05 00:00:00.000,2025-11-05 00:00:00
MLNUSDT,5e-05,6.167,2025-11-05 04:00:00.005,2025-11-05 04:00:00
MLNUSDT,5e-05,6.117,2025-11-05 08:00:00.000,2025-11-05 08:00:00
MLNUSDT,5e-05,6.24079247,2025-11-05 12:00:00.000,2025-11-05 12:00:00
MLNUSDT,5e-05,6.3002,2025-11-05 16:00:00.004,2025-11-05 16:00:00
MLNUSDT,5e-05,6.47129958,2025-11-05 20:00:00.001,2025-11-05 20:00:00
MLNUSDT,5e-05,6.53477054,2025-11-06 00:00:00.001,2025-11-06 00:00:00
MLNUSDT,-0.00017722,6.77777144,2025-11-06 04:00:00.009,2025-11-06 04:00:00
MLNUSDT,-0.00012395,6.824,2025-11-06 08:00:00.000,2025-11-06 08:00:00
MLNUSDT,-9.456e-05,6.549,2025-11-06 12:00:00.001,2025-11-06 12:00:00
MLNUSDT,5e-05,6.312,2025-11-06 16:00:00.001,2025-11-06 16:00:00
MLNUSDT,5e-05,6.259,2025-11-06 20:00:00.006,2025-11-06 20:00:00
MLNUSDT,5e-05,6.305,2025-11-07 00:00:00.005,2025-11-07 00:00:00
MLNUSDT,5e-05,6.42339044,2025-11-07 04:00:00.000,2025-11-07 04:00:00
MLNUSDT,5e-05,6.337,2025-11-07 08:00:00.003,2025-11-07 08:00:00
MLNUSDT,5e-05,6.11700089,2025-11-07 12:00:00.005,2025-11-07 12:00:00
MLNUSDT,5e-05,6.29980322,2025-11-07 16:00:00.005,2025-11-07 16:00:00
MLNUSDT,5e-05,6.53273886,2025-11-07 20:00:00.000,2025-11-07 20:00:00
MLNUSDT,5e-05,6.41416356,2025-11-08 00:00:00.011,2025-11-08 00:00:00
MLNUSDT,5e-05,6.301,2025-11-08 04:00:00.001,2025-11-08 04:00:00
MLNUSDT,5e-05,6.43510733,2025-11-08 08:00:00.015,2025-11-08 08:00:00
MLNUSDT,5e-05,6.475,2025-11-08 12:00:00.000,2025-11-08 12:00:00
MLNUSDT,5e-05,6.11796207,2025-11-08 16:00:00.001,2025-11-08 16:00:00
MLNUSDT,5e-05,6.236,2025-11-08 20:00:00.006,2025-11-08 20:00:00
MLNUSDT,5e-05,6.30080351,2025-11-09 00:00:00.004,2025-11-09 00:00:00
MLNUSDT,5e-05,6.075,2025-11-09 04:00:00.000,2025-11-09 04:00:00
MLNUSDT,5e-05,6.403038,2025-11-09 08:00:00.000,2025-11-09 08:00:00
MLNUSDT,5e-05,6.533,2025-11-09 12:00:00.000,2025-11-09 12:00:00
MLNUSDT,5e-05,6.33409378,2025-11-09 16:00:00.005,2025-11-09 16:00:00
MLNUSDT,5e-05,6.43711735,2025-11-09 20:00:00.010,2025-11-09 20:00:00
MLNUSDT,5e-05,6.393,2025-11-10 00:00:00.000,2025-11-10 00:00:00
MLNUSDT,5e-05,6.47613571,2025-11-10 04:00:00.005,2025-11-10 04:00:00
MLNUSDT,5e-05,6.41874785,2025-11-10 08:00:00.000,2025-11-10 08:00:00
MLNUSDT,5e-05,6.50839341,2025-11-10 12:00:00.003,2025-11-10 12:00:00
MLNUSDT,5e-05,6.3,2025-11-10 16:00:00.003,2025-11-10 16:00:00
MLNUSDT,5e-05,6.358,2025-11-10 20:00:00.000,2025-11-10 20:00:00
MLNUSDT,5e-05,6.4514,2025-11-11 00:00:00.007,2025-11-11 00:00:00
MLNUSDT,5e-05,6.48864193,2025-11-11 04:00:00.003,2025-11-11 04:00:00
MLNUSDT,5e-05,6.199,2025-11-11 08:00:00.000,2025-11-11 08:00:00
MLNUSDT,5e-05,6.25224691,2025-11-11 12:00:00.002,2025-11-11 12:00:00
MLNUSDT,5e-05,6.31474779,2025-11-11 16:00:00.009,2025-11-11 16:00:00
MLNUSDT,5e-05,6.184,2025-11-11 20:00:00.000,2025-11-11 20:00:00
MLNUSDT,5e-05,6.041,2025-11-12 00:00:00.000,2025-11-12 00:00:00
MLNUSDT,5e-05,6.136,2025-11-12 04:00:00.000,2025-11-12 04:00:00
MLNUSDT,5e-05,6.188,2025-11-12 08:00:00.002,2025-11-12 08:00:00
MLNUSDT,5e-05,6.328,2025-11-12 12:00:00.000,2025-11-12 12:00:00
MLNUSDT,5e-05,6.17327576,2025-11-12 16:00:00.000,2025-11-12 16:00:00
MLNUSDT,5e-05,6.42837359,2025-11-12 20:00:00.001,2025-11-12 20:00:00
MLNUSDT,5e-05,6.328,2025-11-13 00:00:00.002,2025-11-13 00:00:00
MLNUSDT,5e-05,6.212,2025-11-13 04:00:00.000,2025-11-13 04:00:00
MLNUSDT,5e-05,6.49425191,2025-11-13 08:00:00.000,2025-11-13 08:00:00
MLNUSDT,5e-05,6.45143489,2025-11-13 12:00:00.001,2025-11-13 12:00:00
MLNUSDT,5e-05,6.485,2025-11-13 16:00:00.001,2025-11-13 16:00:00
MLNUSDT,5e-05,6.083,2025-11-13 20:00:00.004,2025-11-13 20:00:00
MLNUSDT,2.887e-05,6.037,2025-11-14 00:00:00.000,2025-11-14 00:00:00
MLNUSDT,5e-05,5.929,2025-11-14 04:00:00.000,2025-11-14 04:00:00
MLNUSDT,5e-05,5.859,2025-11-14 08:00:00.000,2025-11-14 08:00:00
MLNUSDT,2.888e-05,5.715,2025-11-14 12:00:00.001,2025-11-14 12:00:00
MLNUSDT,5e-05,5.938,2025-11-14 16:00:00.001,2025-11-14 16:00:00
MLNUSDT,5e-05,6.02,2025-11-14 20:00:00.000,2025-11-14 20:00:00
MLNUSDT,5e-05,5.70802609,2025-11-15 00:00:00.005,2025-11-15 00:00:00
MLNUSDT,5e-05,5.908,2025-11-15 04:00:00.015,2025-11-15 04:00:00
MLNUSDT,5e-05,5.843,2025-11-15 08:00:00.000,2025-11-15 08:00:00
MLNUSDT,5e-05,5.771,2025-11-15 12:00:00.008,2025-11-15 12:00:00
MLNUSDT,5e-05,5.829,2025-11-15 16:00:00.001,2025-11-15 16:00:00
MLNUSDT,5e-05,5.862,2025-11-15 20:00:00.003,2025-11-15 20:00:00
MLNUSDT,5e-05,5.831,2025-11-16 00:00:00.001,2025-11-16 00:00:00
MLNUSDT,5e-05,5.89381308,2025-11-16 04:00:00.003,2025-11-16 04:00:00
MLNUSDT,5e-05,5.90370067,2025-11-16 08:00:00.000,2025-11-16 08:00:00
MLNUSDT,5e-05,5.766,2025-11-16 12:00:00.003,2025-11-16 12:00:00
MLNUSDT,5e-05,5.642,2025-11-16 16:00:00.000,2025-11-16 16:00:00
MLNUSDT,3.013e-05,5.612,2025-11-16 20:00:00.000,2025-11-16 20:00:00
MLNUSDT,5e-05,5.708,2025-11-17 00:00:00.003,2025-11-17 00:00:00
MLNUSDT,5e-05,5.766532,2025-11-17 04:00:00.001,2025-11-17 04:00:00
MLNUSDT,5e-05,5.77,2025-11-17 08:00:00.003,2025-11-17 08:00:00
MLNUSDT,5e-05,5.83620459,2025-11-17 12:00:00.000,2025-11-17 12:00:00
MLNUSDT,5e-05,5.739,2025-11-17 16:00:00.000,2025-11-17 16:00:00
MLNUSDT,5e-05,5.56779089,2025-11-17 20:00:00.003,2025-11-17 20:00:00
MLNUSDT,5e-05,5.64840957,2025-11-18 00:00:00.002,2025-11-18 00:00:00
MLNUSDT,5e-05,5.718,2025-11-18 04:00:00.000,2025-11-18 04:00:00
MLNUSDT,5e-05,5.67,2025-11-18 08:00:00.004,2025-11-18 08:00:00
MLNUSDT,5e-05,5.577,2025-11-18 12:00:00.000,2025-11-18 12:00:00
MLNUSDT,5e-05,5.71121845,2025-11-18 16:00:00.000,2025-11-18 16:00:00
MLNUSDT,5e-05,5.78107477,2025-11-18 20:00:00.002,2025-11-18 20:00:00
MLNUSDT,5e-05,5.745,2025-11-19 00:00:00.000,2025-11-19 00:00:00
MLNUSDT,5e-05,5.627,2025-11-19 04:00:00.000,2025-11-19 04:00:00
MLNUSDT,5e-05,5.64653761,2025-11-19 08:00:00.000,2025-11-19 08:00:00
MLNUSDT,5e-05,5.659,2025-11-19 12:00:00.000,2025-11-19 12:00:00
MLNUSDT,5e-05,5.588,2025-11-19 16:00:00.008,2025-11-19 16:00:00
MLNUSDT,5e-05,5.36294655,2025-11-19 20:00:00.000,2025-11-19 20:00:00
MLNUSDT,5e-05,5.56882176,2025-11-20 00:00:00.000,2025-11-20 00:00:00
MLNUSDT,5e-05,5.59116,2025-11-20 04:00:00.006,2025-11-20 04:00:00
MLNUSDT,5e-05,5.65418801,2025-11-20 08:00:00.000,2025-11-20 08:00:00
MLNUSDT,5e-05,5.60339266,2025-11-20 12:00:00.003,2025-11-20 12:00:00
MLNUSDT,5e-05,5.522,2025-11-20 16:00:00.000,2025-11-20 16:00:00
MLNUSDT,5e-05,5.397,2025-11-20 20:00:00.002,2025-11-20 20:00:00
MLNUSDT,5e-05,5.38764516,2025-11-21 00:00:00.001,2025-11-21 00:00:00
MLNUSDT,5e-05,5.422,2025-11-21 04:00:00.000,2025-11-21 04:00:00
MLNUSDT,5e-05,5.12501091,2025-11-21 08:00:00.000,2025-11-21 08:00:00
MLNUSDT,5e-05,4.989,2025-11-21 12:00:00.001,2025-11-21 12:00:00
MLNUSDT,5e-05,5.052,2025-11-21 16:00:00.001,2025-11-21 16:00:00
MLNUSDT,5e-05,5.15729677,2025-11-21 20:00:00.000,2025-11-21 20:00:00
MLNUSDT,5e-05,5.124,2025-11-22 00:00:00.004,2025-11-22 00:00:00
MLNUSDT,5e-05,5.0992931,2025-11-22 04:00:00.000,2025-11-22 04:00:00
MLNUSDT,5e-05,5.126,2025-11-22 08:00:00.000,2025-11-22 08:00:00
MLNUSDT,5e-05,5.1032,2025-11-22 12:00:00.000,2025-11-22 12:00:00
MLNUSDT,5e-05,5.11183287,2025-11-22 16:00:00.000,2025-11-22 16:00:00
MLNUSDT,5e-05,5.115,2025-11-22 20:00:00.001,2025-11-22 20:00:00
MLNUSDT,5e-05,5.11391495,2025-11-23 00:00:00.000,2025-11-23 00:00:00
MLNUSDT,5e-05,5.15759835,2025-11-23 04:00:00.000,2025-11-23 04:00:00
MLNUSDT,5e-05,5.182,2025-11-23 08:00:00.008,2025-11-23 08:00:00
MLNUSDT,5e-05,5.16,2025-11-23 12:00:00.000,2025-11-23 12:00:00
MLNUSDT,5e-05,5.1478,2025-11-23 16:00:00.003,2025-11-23 16:00:00
MLNUSDT,5e-05,5.124583,2025-11-23 20:00:00.003,2025-11-23 20:00:00
MLNUSDT,5e-05,5.06120093,2025-11-24 00:00:00.004,2025-11-24 00:00:00
MLNUSDT,5e-05,5.147,2025-11-24 04:00:00.000,2025-11-24 04:00:00
MLNUSDT,5e-05,5.10718748,2025-11-24 08:00:00.000,2025-11-24 08:00:00
MLNUSDT,5e-05,5.05905,2025-11-24 12:00:00.000,2025-11-24 12:00:00
MLNUSDT,5e-05,5.098,2025-11-24 16:00:00.006,2025-11-24 16:00:00
MLNUSDT,5e-05,5.16165491,2025-11-24 20:00:00.003,2025-11-24 20:00:00
MLNUSDT,5e-05,5.1415,2025-11-25 00:00:00.000,2025-11-25 00:00:00
MLNUSDT,5e-05,5.091,2025-11-25 04:00:00.000,2025-11-25 04:00:00
MLNUSDT,5e-05,5.07,2025-11-25 08:00:00.009,2025-11-25 08:00:00
MLNUSDT,5e-05,5.077,2025-11-25 12:00:00.002,2025-11-25 12:00:00
MLNUSDT,5e-05,5.064,2025-11-25 16:00:00.007,2025-11-25 16:00:00
MLNUSDT,5e-05,5.18782495,2025-11-25 20:00:00.009,2025-11-25 20:00:00
MLNUSDT,5e-05,5.1999407,2025-11-26 00:00:00.001,2025-11-26 00:00:00
MLNUSDT,5e-05,5.15945807,2025-11-26 04:00:00.006,2025-11-26 04:00:00
MLNUSDT,5e-05,5.287,2025-11-26 08:00:00.001,2025-11-26 08:00:00
MLNUSDT,5e-05,5.15325471,2025-11-26 12:00:00.001,2025-11-26 12:00:00
MLNUSDT,5e-05,5.138,2025-11-26 16:00:00.000,2025-11-26 16:00:00
MLNUSDT,5e-05,5.28117696,2025-11-26 20:00:00.001,2025-11-26 20:00:00
MLNUSDT,5e-05,5.291,2025-11-27 00:00:00.013,2025-11-27 00:00:00
MLNUSDT,5e-05,5.26037052,2025-11-27 04:00:00.007,2025-11-27 04:00:00
MLNUSDT,5e-05,5.224,2025-11-27 08:00:00.000,2025-11-27 08:00:00
MLNUSDT,5e-05,5.217,2025-11-27 12:00:00.002,2025-11-27 12:00:00
MLNUSDT,5e-05,5.25,2025-11-27 16:00:00.004,2025-11-27 16:00:00
MLNUSDT,5e-05,5.3,2025-11-27 20:00:00.004,2025-11-27 20:00:00
MLNUSDT,5e-05,5.227,2025-11-28 00:00:00.008,2025-11-28 00:00:00
MLNUSDT,5e-05,5.209,2025-11-28 04:00:00.000,2025-11-28 04:00:00
MLNUSDT,5e-05,5.38845334,2025-11-28 08:00:00.000,2025-11-28 08:00:00
MLNUSDT,4.498e-05,5.40876333,2025-11-28 12:00:00.004,2025-11-28 12:00:00
MLNUSDT,1.069e-05,5.646,2025-11-28 16:00:00.008,2025-11-28 16:00:00
MLNUSDT,-0.01142683,6.62115856,2025-11-28 20:00:00.010,2025-11-28 20:00:00
MLNUSDT,-0.00732116,6.62844831,2025-11-29 00:00:00.000,2025-11-29 00:00:00
MLNUSDT,-0.00287482,6.247,2025-11-29 04:00:00.002,2025-11-29 04:00:00
MLNUSDT,-0.00104166,6.112,2025-11-29 08:00:00.005,2025-11-29 08:00:00
MLNUSDT,-0.00286769,6.341,2025-11-29 12:00:00.003,2025-11-29 12:00:00
MLNUSDT,-0.00145034,6.19659316,2025-11-29 16:00:00.001,2025-11-29 16:00:00
MLNUSDT,-0.00080089,5.81,2025-11-29 20:00:00.000,2025-11-29 20:00:00
MLNUSDT,-0.00224929,5.73,2025-11-30 00:00:00.003,2025-11-30 00:00:00
MLNUSDT,-0.00047906,5.64735457,2025-11-30 04:00:00.004,2025-11-30 04:00:00
MLNUSDT,-0.00023534,5.651,2025-11-30 08:00:00.000,2025-11-30 08:00:00
